author,region1,region2
BARABÁS Tibor,Bulgaria,Bulgaria
GODA Gábor,Bulgaria,Bulgaria
RIDEG Sándor,Bulgaria,Bulgaria
SZEBERÉNYI Lehel,Bulgaria,Bulgaria
TARDOS Tibor,Bulgaria,Bulgaria
BERKESI András,Bulgaria,Bulgaria
PALOTAI Boris,Bulgaria,Bulgaria
THURY Zsuzsa,Bulgaria,Bulgaria
KOVÁCS Jenő,Bulgaria,Bulgaria
BERKESI András−KARDOS György,Bulgaria,Bulgaria
FEKETE Gyula,Bulgaria,Bulgaria
HUNYADY József,Bulgaria,Bulgaria
ZALKA Miklós,Bulgaria,Bulgaria
MOLNÁR Gábor,Bulgaria,Bulgaria
ÁBEL Péter−PRUKNER Pál,Bulgaria,Bulgaria
DOBOZY Imre,Bulgaria,Bulgaria
GÁL György Sándor,Bulgaria,Bulgaria
JÓKAI Anna,Bulgaria,Bulgaria
PETROVÁCZ István,Bulgaria,Bulgaria
BARÁT Endre,Bulgaria,Bulgaria
BERTHA Bulcsu,Bulgaria,Bulgaria
THIERY Árpád,Bulgaria,Bulgaria
Bogáti Péter,Bulgaria,Bulgaria
CSUKÁS István,Bulgaria,Bulgaria
BETLEN Oszkár,Bulgaria,Bulgaria
TATAY Sándor,Bulgaria,Bulgaria
GODA Gábor,Bulgaria,Czechoslovakia-cseh
BERKESI András,Bulgaria,Czechoslovakia-cseh
PALOTAI Boris,Bulgaria,Czechoslovakia-cseh
BERKESI András−KARDOS György,Bulgaria,Czechoslovakia-cseh
FEKETE Gyula,Bulgaria,Czechoslovakia-cseh
ZALKA Miklós,Bulgaria,Czechoslovakia-cseh
DOBOZY Imre,Bulgaria,Czechoslovakia-cseh
JÓKAI Anna,Bulgaria,Czechoslovakia-cseh
BERTHA Bulcsu,Bulgaria,Czechoslovakia-cseh
Bogáti Péter,Bulgaria,Czechoslovakia-cseh
CSUKÁS István,Bulgaria,Czechoslovakia-cseh
BETLEN Oszkár,Bulgaria,Czechoslovakia-cseh
TATAY Sándor,Bulgaria,Czechoslovakia-cseh
BARABÁS Tibor,Bulgaria,Czechoslovakia-szlovák
GODA Gábor,Bulgaria,Czechoslovakia-szlovák
RIDEG Sándor,Bulgaria,Czechoslovakia-szlovák
BERKESI András,Bulgaria,Czechoslovakia-szlovák
PALOTAI Boris,Bulgaria,Czechoslovakia-szlovák
THURY Zsuzsa,Bulgaria,Czechoslovakia-szlovák
FEKETE Gyula,Bulgaria,Czechoslovakia-szlovák
HUNYADY József,Bulgaria,Czechoslovakia-szlovák
DOBOZY Imre,Bulgaria,Czechoslovakia-szlovák
GÁL György Sándor,Bulgaria,Czechoslovakia-szlovák
JÓKAI Anna,Bulgaria,Czechoslovakia-szlovák
BERTHA Bulcsu,Bulgaria,Czechoslovakia-szlovák
BETLEN Oszkár,Bulgaria,Czechoslovakia-szlovák
TATAY Sándor,Bulgaria,Czechoslovakia-szlovák
GODA Gábor,Bulgaria,GDR
BERKESI András,Bulgaria,GDR
PALOTAI Boris,Bulgaria,GDR
THURY Zsuzsa,Bulgaria,GDR
FEKETE Gyula,Bulgaria,GDR
ZALKA Miklós,Bulgaria,GDR
MOLNÁR Gábor,Bulgaria,GDR
DOBOZY Imre,Bulgaria,GDR
JÓKAI Anna,Bulgaria,GDR
BERTHA Bulcsu,Bulgaria,GDR
THIERY Árpád,Bulgaria,GDR
CSUKÁS István,Bulgaria,GDR
BETLEN Oszkár,Bulgaria,GDR
TATAY Sándor,Bulgaria,GDR
PALOTAI Boris,Bulgaria,Hungary
FEKETE Gyula,Bulgaria,Hungary
DOBOZY Imre,Bulgaria,Mongolia
TARDOS Tibor,Bulgaria,PR China
DOBOZY Imre,Bulgaria,PR China
BERKESI András,Bulgaria,Poland
PALOTAI Boris,Bulgaria,Poland
BERKESI András−KARDOS György,Bulgaria,Poland
HUNYADY József,Bulgaria,Poland
GÁL György Sándor,Bulgaria,Poland
JÓKAI Anna,Bulgaria,Poland
TATAY Sándor,Bulgaria,Poland
GODA Gábor,Bulgaria,Romania
SZEBERÉNYI Lehel,Bulgaria,Romania
BERKESI András,Bulgaria,Romania
FEKETE Gyula,Bulgaria,Romania
DOBOZY Imre,Bulgaria,Romania
BERTHA Bulcsu,Bulgaria,Romania
BETLEN Oszkár,Bulgaria,Romania
PETROVÁCZ István,Bulgaria,USSR-fehérorosz
BERKESI András,Bulgaria,USSR-grúz
TATAY Sándor,Bulgaria,USSR-kazah
TATAY Sándor,Bulgaria,USSR-kirgiz
BERKESI András,Bulgaria,USSR-lett
THURY Zsuzsa,Bulgaria,USSR-lett
FEKETE Gyula,Bulgaria,USSR-lett
BERKESI András,Bulgaria,USSR-litván
GÁL György Sándor,Bulgaria,USSR-litván
TATAY Sándor,Bulgaria,USSR-litván
BARABÁS Tibor,Bulgaria,USSR-orosz
GODA Gábor,Bulgaria,USSR-orosz
BERKESI András,Bulgaria,USSR-orosz
PALOTAI Boris,Bulgaria,USSR-orosz
THURY Zsuzsa,Bulgaria,USSR-orosz
KOVÁCS Jenő,Bulgaria,USSR-orosz
BERKESI András−KARDOS György,Bulgaria,USSR-orosz
FEKETE Gyula,Bulgaria,USSR-orosz
ZALKA Miklós,Bulgaria,USSR-orosz
DOBOZY Imre,Bulgaria,USSR-orosz
GÁL György Sándor,Bulgaria,USSR-orosz
JÓKAI Anna,Bulgaria,USSR-orosz
PETROVÁCZ István,Bulgaria,USSR-orosz
BERTHA Bulcsu,Bulgaria,USSR-orosz
THIERY Árpád,Bulgaria,USSR-orosz
CSUKÁS István,Bulgaria,USSR-orosz
TATAY Sándor,Bulgaria,USSR-orosz
BERKESI András,Bulgaria,USSR-ukrán
THURY Zsuzsa,Bulgaria,USSR-ukrán
BERKESI András−KARDOS György,Bulgaria,USSR-ukrán
DOBOZY Imre,Bulgaria,USSR-ukrán
JÓKAI Anna,Bulgaria,USSR-ukrán
PETROVÁCZ István,Bulgaria,USSR-ukrán
BERTHA Bulcsu,Bulgaria,USSR-ukrán
CSUKÁS István,Bulgaria,USSR-ukrán
TATAY Sándor,Bulgaria,USSR-ukrán
TATAY Sándor,Bulgaria,USSR-észt
BERKESI András,Bulgaria,USSR-örmény
PETROVÁCZ István,Bulgaria,USSR-örmény
TATAY Sándor,Bulgaria,USSR-örmény
BERKESI András,Bulgaria,USSR-üzbég
GODA Gábor,Bulgaria,Yugoslavia
JÓKAI Anna,Bulgaria,Yugoslavia
BALÁZS Anna,Czechoslovakia-cseh,Czechoslovakia-cseh
BOLDIZSÁR Iván,Czechoslovakia-cseh,Czechoslovakia-cseh
EGRY Irén,Czechoslovakia-cseh,Czechoslovakia-cseh
FAZEKAS Mihály,Czechoslovakia-cseh,Czechoslovakia-cseh
GERGELY Sándor,Czechoslovakia-cseh,Czechoslovakia-cseh
ILKU Pál,Czechoslovakia-cseh,Czechoslovakia-cseh
JÓZSEF Jolán,Czechoslovakia-cseh,Czechoslovakia-cseh
KOVÁCS György,Czechoslovakia-cseh,Czechoslovakia-cseh
MORVAY Gyula,Czechoslovakia-cseh,Czechoslovakia-cseh
NAGY Sándor,Czechoslovakia-cseh,Czechoslovakia-cseh
URBÁN Ernő,Czechoslovakia-cseh,Czechoslovakia-cseh
KAFFKA Margit,Czechoslovakia-cseh,Czechoslovakia-cseh
KATONA József,Czechoslovakia-cseh,Czechoslovakia-cseh
ZALKA Máté,Czechoslovakia-cseh,Czechoslovakia-cseh
CSIKY Gergely,Czechoslovakia-cseh,Czechoslovakia-cseh
BERKESI András,Czechoslovakia-cseh,Czechoslovakia-cseh
BETLEN Oszkár,Czechoslovakia-cseh,Czechoslovakia-cseh
KÁLLAI István,Czechoslovakia-cseh,Czechoslovakia-cseh
ÖRSI Ferenc,Czechoslovakia-cseh,Czechoslovakia-cseh
SZIGLIGETI Ede,Czechoslovakia-cseh,Czechoslovakia-cseh
TÓTH Árpád,Czechoslovakia-cseh,Czechoslovakia-cseh
DOBOZY Imre,Czechoslovakia-cseh,Czechoslovakia-cseh
SARKADI Imre,Czechoslovakia-cseh,Czechoslovakia-cseh
ÁPRILY Lajos,Czechoslovakia-cseh,Czechoslovakia-cseh
CSAPÓ György,Czechoslovakia-cseh,Czechoslovakia-cseh
GYŐRY Dezső,Czechoslovakia-cseh,Czechoslovakia-cseh
SZILVÁSI Lajos,Czechoslovakia-cseh,Czechoslovakia-cseh
TATAY Sándor,Czechoslovakia-cseh,Czechoslovakia-cseh
THURZÓ Gábor,Czechoslovakia-cseh,Czechoslovakia-cseh
ZALKA Miklós,Czechoslovakia-cseh,Czechoslovakia-cseh
BERKESI András−KARDOS György,Czechoslovakia-cseh,Czechoslovakia-cseh
FEKETE Gyula,Czechoslovakia-cseh,Czechoslovakia-cseh
GODA Gábor,Czechoslovakia-cseh,Czechoslovakia-cseh
PALOTAI Boris,Czechoslovakia-cseh,Czechoslovakia-cseh
KOLOZSVÁRI GRANDPIERRE Emil,Czechoslovakia-cseh,Czechoslovakia-cseh
DÉKÁNY András,Czechoslovakia-cseh,Czechoslovakia-cseh
CSERNAI Zoltán,Czechoslovakia-cseh,Czechoslovakia-cseh
FÓTI Andor,Czechoslovakia-cseh,Czechoslovakia-cseh
KRISTÓF Attila,Czechoslovakia-cseh,Czechoslovakia-cseh
ANDRÁS László,Czechoslovakia-cseh,Czechoslovakia-cseh
SIPKAY Barna,Czechoslovakia-cseh,Czechoslovakia-cseh
DÁNIEL Anna,Czechoslovakia-cseh,Czechoslovakia-cseh
BERTHA Bulcsu,Czechoslovakia-cseh,Czechoslovakia-cseh
Hédervári Péter,Czechoslovakia-cseh,Czechoslovakia-cseh
JÓKAI Anna,Czechoslovakia-cseh,Czechoslovakia-cseh
KATKÓ István,Czechoslovakia-cseh,Czechoslovakia-cseh
SZABÓ Lőrinc,Czechoslovakia-cseh,Czechoslovakia-cseh
JUHÁSZ Gyula,Czechoslovakia-cseh,Czechoslovakia-cseh
MATTYASOVSZKY Jenő,Czechoslovakia-cseh,Czechoslovakia-cseh
MÓRICZ Virág−THURZÓ Gábor(-MÓRICZ Zsigmond),Czechoslovakia-cseh,Czechoslovakia-cseh
VADÁSZ Ferenc,Czechoslovakia-cseh,Czechoslovakia-cseh
VIDOR Miklós,Czechoslovakia-cseh,Czechoslovakia-cseh
BEREMÉNYI Géza,Czechoslovakia-cseh,Czechoslovakia-cseh
CSUKÁS István,Czechoslovakia-cseh,Czechoslovakia-cseh
MOCSÁR Gábor,Czechoslovakia-cseh,Czechoslovakia-cseh
FÖLDES Péter,Czechoslovakia-cseh,Czechoslovakia-cseh
Dévényi Tibor,Czechoslovakia-cseh,Czechoslovakia-cseh
GYURKOVICS Tibor,Czechoslovakia-cseh,Czechoslovakia-cseh
Bogáti Péter,Czechoslovakia-cseh,Czechoslovakia-cseh
Szentmihályi Szabó Péter,Czechoslovakia-cseh,Czechoslovakia-cseh
DOBAI Péter,Czechoslovakia-cseh,Czechoslovakia-cseh
Juhász István,Czechoslovakia-cseh,Czechoslovakia-cseh
ASZTALOS István,Czechoslovakia-cseh,Czechoslovakia-cseh
BOLDIZSÁR Iván,Czechoslovakia-cseh,Czechoslovakia-szlovák
FAZEKAS Mihály,Czechoslovakia-cseh,Czechoslovakia-szlovák
GERGELY Sándor,Czechoslovakia-cseh,Czechoslovakia-szlovák
KAFFKA Margit,Czechoslovakia-cseh,Czechoslovakia-szlovák
CSIKY Gergely,Czechoslovakia-cseh,Czechoslovakia-szlovák
BERKESI András,Czechoslovakia-cseh,Czechoslovakia-szlovák
BETLEN Oszkár,Czechoslovakia-cseh,Czechoslovakia-szlovák
TÓTH Árpád,Czechoslovakia-cseh,Czechoslovakia-szlovák
DOBOZY Imre,Czechoslovakia-cseh,Czechoslovakia-szlovák
TATAY Sándor,Czechoslovakia-cseh,Czechoslovakia-szlovák
FEKETE Gyula,Czechoslovakia-cseh,Czechoslovakia-szlovák
GODA Gábor,Czechoslovakia-cseh,Czechoslovakia-szlovák
PALOTAI Boris,Czechoslovakia-cseh,Czechoslovakia-szlovák
DÉKÁNY András,Czechoslovakia-cseh,Czechoslovakia-szlovák
KRISTÓF Attila,Czechoslovakia-cseh,Czechoslovakia-szlovák
ANDRÁS László,Czechoslovakia-cseh,Czechoslovakia-szlovák
BERTHA Bulcsu,Czechoslovakia-cseh,Czechoslovakia-szlovák
JÓKAI Anna,Czechoslovakia-cseh,Czechoslovakia-szlovák
KATKÓ István,Czechoslovakia-cseh,Czechoslovakia-szlovák
JUHÁSZ Gyula,Czechoslovakia-cseh,Czechoslovakia-szlovák
MATTYASOVSZKY Jenő,Czechoslovakia-cseh,Czechoslovakia-szlovák
VADÁSZ Ferenc,Czechoslovakia-cseh,Czechoslovakia-szlovák
ASZTALOS István,Czechoslovakia-cseh,Czechoslovakia-szlovák
DÁNIEL Anna,Czechoslovakia-cseh,Egypt
BOLDIZSÁR Iván,Czechoslovakia-cseh,GDR
NAGY Sándor,Czechoslovakia-cseh,GDR
KAFFKA Margit,Czechoslovakia-cseh,GDR
ZALKA Máté,Czechoslovakia-cseh,GDR
CSIKY Gergely,Czechoslovakia-cseh,GDR
BERKESI András,Czechoslovakia-cseh,GDR
BETLEN Oszkár,Czechoslovakia-cseh,GDR
ÖRSI Ferenc,Czechoslovakia-cseh,GDR
DOBOZY Imre,Czechoslovakia-cseh,GDR
SARKADI Imre,Czechoslovakia-cseh,GDR
TATAY Sándor,Czechoslovakia-cseh,GDR
THURZÓ Gábor,Czechoslovakia-cseh,GDR
ZALKA Miklós,Czechoslovakia-cseh,GDR
FEKETE Gyula,Czechoslovakia-cseh,GDR
GODA Gábor,Czechoslovakia-cseh,GDR
PALOTAI Boris,Czechoslovakia-cseh,GDR
KOLOZSVÁRI GRANDPIERRE Emil,Czechoslovakia-cseh,GDR
DÉKÁNY András,Czechoslovakia-cseh,GDR
CSERNAI Zoltán,Czechoslovakia-cseh,GDR
FÓTI Andor,Czechoslovakia-cseh,GDR
ANDRÁS László,Czechoslovakia-cseh,GDR
SIPKAY Barna,Czechoslovakia-cseh,GDR
BERTHA Bulcsu,Czechoslovakia-cseh,GDR
JÓKAI Anna,Czechoslovakia-cseh,GDR
CSUKÁS István,Czechoslovakia-cseh,GDR
FÖLDES Péter,Czechoslovakia-cseh,GDR
ASZTALOS István,Czechoslovakia-cseh,GDR
GERGELY Sándor,Czechoslovakia-cseh,Hungary
KATONA József,Czechoslovakia-cseh,Hungary
TÓTH Árpád,Czechoslovakia-cseh,Hungary
SARKADI Imre,Czechoslovakia-cseh,Hungary
FEKETE Gyula,Czechoslovakia-cseh,Hungary
PALOTAI Boris,Czechoslovakia-cseh,Hungary
DÉKÁNY András,Czechoslovakia-cseh,Hungary
SZABÓ Lőrinc,Czechoslovakia-cseh,Hungary
FÖLDES Péter,Czechoslovakia-cseh,Hungary
CSIKY Gergely,Czechoslovakia-cseh,Iran
NAGY Sándor,Czechoslovakia-cseh,Mongolia
DOBOZY Imre,Czechoslovakia-cseh,Mongolia
FAZEKAS Mihály,Czechoslovakia-cseh,PR China
NAGY Sándor,Czechoslovakia-cseh,PR China
DOBOZY Imre,Czechoslovakia-cseh,PR China
MÓRICZ Virág−THURZÓ Gábor(-MÓRICZ Zsigmond),Czechoslovakia-cseh,PR China
BALÁZS Anna,Czechoslovakia-cseh,Poland
BOLDIZSÁR Iván,Czechoslovakia-cseh,Poland
EGRY Irén,Czechoslovakia-cseh,Poland
GERGELY Sándor,Czechoslovakia-cseh,Poland
ILKU Pál,Czechoslovakia-cseh,Poland
URBÁN Ernő,Czechoslovakia-cseh,Poland
KAFFKA Margit,Czechoslovakia-cseh,Poland
ZALKA Máté,Czechoslovakia-cseh,Poland
BERKESI András,Czechoslovakia-cseh,Poland
SARKADI Imre,Czechoslovakia-cseh,Poland
SZILVÁSI Lajos,Czechoslovakia-cseh,Poland
TATAY Sándor,Czechoslovakia-cseh,Poland
THURZÓ Gábor,Czechoslovakia-cseh,Poland
BERKESI András−KARDOS György,Czechoslovakia-cseh,Poland
PALOTAI Boris,Czechoslovakia-cseh,Poland
KOLOZSVÁRI GRANDPIERRE Emil,Czechoslovakia-cseh,Poland
DÉKÁNY András,Czechoslovakia-cseh,Poland
DÁNIEL Anna,Czechoslovakia-cseh,Poland
JÓKAI Anna,Czechoslovakia-cseh,Poland
VIDOR Miklós,Czechoslovakia-cseh,Poland
Szentmihályi Szabó Péter,Czechoslovakia-cseh,Poland
ASZTALOS István,Czechoslovakia-cseh,Poland
FAZEKAS Mihály,Czechoslovakia-cseh,Romania
GERGELY Sándor,Czechoslovakia-cseh,Romania
JÓZSEF Jolán,Czechoslovakia-cseh,Romania
KOVÁCS György,Czechoslovakia-cseh,Romania
KAFFKA Margit,Czechoslovakia-cseh,Romania
KATONA József,Czechoslovakia-cseh,Romania
BERKESI András,Czechoslovakia-cseh,Romania
BETLEN Oszkár,Czechoslovakia-cseh,Romania
DOBOZY Imre,Czechoslovakia-cseh,Romania
SARKADI Imre,Czechoslovakia-cseh,Romania
ÁPRILY Lajos,Czechoslovakia-cseh,Romania
SZILVÁSI Lajos,Czechoslovakia-cseh,Romania
THURZÓ Gábor,Czechoslovakia-cseh,Romania
FEKETE Gyula,Czechoslovakia-cseh,Romania
GODA Gábor,Czechoslovakia-cseh,Romania
DÉKÁNY András,Czechoslovakia-cseh,Romania
BERTHA Bulcsu,Czechoslovakia-cseh,Romania
SZABÓ Lőrinc,Czechoslovakia-cseh,Romania
VIDOR Miklós,Czechoslovakia-cseh,Romania
ASZTALOS István,Czechoslovakia-cseh,Romania
KATONA József,Czechoslovakia-cseh,Turkey
NAGY Sándor,Czechoslovakia-cseh,USSR-altaji
NAGY Sándor,Czechoslovakia-cseh,USSR-azerbajdzsán
NAGY Sándor,Czechoslovakia-cseh,USSR-csuvas
NAGY Sándor,Czechoslovakia-cseh,USSR-fehérorosz
NAGY Sándor,Czechoslovakia-cseh,USSR-finn
NAGY Sándor,Czechoslovakia-cseh,USSR-grúz
BERKESI András,Czechoslovakia-cseh,USSR-grúz
SARKADI Imre,Czechoslovakia-cseh,USSR-grúz
NAGY Sándor,Czechoslovakia-cseh,USSR-kazah
ZALKA Máté,Czechoslovakia-cseh,USSR-kazah
TATAY Sándor,Czechoslovakia-cseh,USSR-kazah
ZALKA Máté,Czechoslovakia-cseh,USSR-kirgiz
TATAY Sándor,Czechoslovakia-cseh,USSR-kirgiz
ZALKA Máté,Czechoslovakia-cseh,USSR-lett
BERKESI András,Czechoslovakia-cseh,USSR-lett
FEKETE Gyula,Czechoslovakia-cseh,USSR-lett
DÁNIEL Anna,Czechoslovakia-cseh,USSR-lett
ZALKA Máté,Czechoslovakia-cseh,USSR-litván
BERKESI András,Czechoslovakia-cseh,USSR-litván
ÖRSI Ferenc,Czechoslovakia-cseh,USSR-litván
TATAY Sándor,Czechoslovakia-cseh,USSR-litván
VIDOR Miklós,Czechoslovakia-cseh,USSR-litván
NAGY Sándor,Czechoslovakia-cseh,USSR-moldva
ZALKA Máté,Czechoslovakia-cseh,USSR-moldva
GERGELY Sándor,Czechoslovakia-cseh,USSR-orosz
NAGY Sándor,Czechoslovakia-cseh,USSR-orosz
URBÁN Ernő,Czechoslovakia-cseh,USSR-orosz
KAFFKA Margit,Czechoslovakia-cseh,USSR-orosz
KATONA József,Czechoslovakia-cseh,USSR-orosz
ZALKA Máté,Czechoslovakia-cseh,USSR-orosz
BERKESI András,Czechoslovakia-cseh,USSR-orosz
KÁLLAI István,Czechoslovakia-cseh,USSR-orosz
DOBOZY Imre,Czechoslovakia-cseh,USSR-orosz
SARKADI Imre,Czechoslovakia-cseh,USSR-orosz
SZILVÁSI Lajos,Czechoslovakia-cseh,USSR-orosz
TATAY Sándor,Czechoslovakia-cseh,USSR-orosz
ZALKA Miklós,Czechoslovakia-cseh,USSR-orosz
BERKESI András−KARDOS György,Czechoslovakia-cseh,USSR-orosz
FEKETE Gyula,Czechoslovakia-cseh,USSR-orosz
GODA Gábor,Czechoslovakia-cseh,USSR-orosz
PALOTAI Boris,Czechoslovakia-cseh,USSR-orosz
BERTHA Bulcsu,Czechoslovakia-cseh,USSR-orosz
JÓKAI Anna,Czechoslovakia-cseh,USSR-orosz
JUHÁSZ Gyula,Czechoslovakia-cseh,USSR-orosz
CSUKÁS István,Czechoslovakia-cseh,USSR-orosz
MOCSÁR Gábor,Czechoslovakia-cseh,USSR-orosz
FÖLDES Péter,Czechoslovakia-cseh,USSR-orosz
SARKADI Imre,Czechoslovakia-cseh,USSR-tadzsik
NAGY Sándor,Czechoslovakia-cseh,USSR-udmurt
ILKU Pál,Czechoslovakia-cseh,USSR-ukrán
ZALKA Máté,Czechoslovakia-cseh,USSR-ukrán
BERKESI András,Czechoslovakia-cseh,USSR-ukrán
DOBOZY Imre,Czechoslovakia-cseh,USSR-ukrán
TATAY Sándor,Czechoslovakia-cseh,USSR-ukrán
THURZÓ Gábor,Czechoslovakia-cseh,USSR-ukrán
BERKESI András−KARDOS György,Czechoslovakia-cseh,USSR-ukrán
BERTHA Bulcsu,Czechoslovakia-cseh,USSR-ukrán
JÓKAI Anna,Czechoslovakia-cseh,USSR-ukrán
CSUKÁS István,Czechoslovakia-cseh,USSR-ukrán
ZALKA Máté,Czechoslovakia-cseh,USSR-észt
SARKADI Imre,Czechoslovakia-cseh,USSR-észt
TATAY Sándor,Czechoslovakia-cseh,USSR-észt
BERKESI András,Czechoslovakia-cseh,USSR-örmény
SZILVÁSI Lajos,Czechoslovakia-cseh,USSR-örmény
TATAY Sándor,Czechoslovakia-cseh,USSR-örmény
URBÁN Ernő,Czechoslovakia-cseh,USSR-üzbég
BERKESI András,Czechoslovakia-cseh,USSR-üzbég
KAFFKA Margit,Czechoslovakia-cseh,Yugoslavia
GODA Gábor,Czechoslovakia-cseh,Yugoslavia
KOLOZSVÁRI GRANDPIERRE Emil,Czechoslovakia-cseh,Yugoslavia
JÓKAI Anna,Czechoslovakia-cseh,Yugoslavia
DOBAI Péter,Czechoslovakia-cseh,Yugoslavia
BOLDIZSÁR Iván,Czechoslovakia-szlovák,Czechoslovakia-szlovák
EGRI Viktor,Czechoslovakia-szlovák,Czechoslovakia-szlovák
EÖTVÖS József,Czechoslovakia-szlovák,Czechoslovakia-szlovák
FAZEKAS Mihály,Czechoslovakia-szlovák,Czechoslovakia-szlovák
FÖLDES Mihály,Czechoslovakia-szlovák,Czechoslovakia-szlovák
GERGELY Sándor,Czechoslovakia-szlovák,Czechoslovakia-szlovák
SÁNDOR Kálmán,Czechoslovakia-szlovák,Czechoslovakia-szlovák
KOSSA István,Czechoslovakia-szlovák,Czechoslovakia-szlovák
PALÁSTI László,Czechoslovakia-szlovák,Czechoslovakia-szlovák
PALOTAI Boris,Czechoslovakia-szlovák,Czechoslovakia-szlovák
REMÉNYI Béla,Czechoslovakia-szlovák,Czechoslovakia-szlovák
RIDEG Sándor,Czechoslovakia-szlovák,Czechoslovakia-szlovák
SÁNDOR András,Czechoslovakia-szlovák,Czechoslovakia-szlovák
SZABÓ Dezső,Czechoslovakia-szlovák,Czechoslovakia-szlovák
SZINI Gyula,Czechoslovakia-szlovák,Czechoslovakia-szlovák
ASZTALOS István,Czechoslovakia-szlovák,Czechoslovakia-szlovák
CSIKY Gergely,Czechoslovakia-szlovák,Czechoslovakia-szlovák
SZABÓ Béla,Czechoslovakia-szlovák,Czechoslovakia-szlovák
GERENCSÉR Miklós,Czechoslovakia-szlovák,Czechoslovakia-szlovák
KARINTHY Frigyes−MAJOROS István,Czechoslovakia-szlovák,Czechoslovakia-szlovák
SZABÓ Pál−BALÁZS Sándor,Czechoslovakia-szlovák,Czechoslovakia-szlovák
SZILÁGYI Dezső,Czechoslovakia-szlovák,Czechoslovakia-szlovák
KATKÓ István,Czechoslovakia-szlovák,Czechoslovakia-szlovák
FEKETE Gyula,Czechoslovakia-szlovák,Czechoslovakia-szlovák
JUHÁSZ Gyula,Czechoslovakia-szlovák,Czechoslovakia-szlovák
BECZÁSSY Judit,Czechoslovakia-szlovák,Czechoslovakia-szlovák
HÁRS László,Czechoslovakia-szlovák,Czechoslovakia-szlovák
HUNYADY József,Czechoslovakia-szlovák,Czechoslovakia-szlovák
KŐSZEGI Imre,Czechoslovakia-szlovák,Czechoslovakia-szlovák
THURY Zsuzsa,Czechoslovakia-szlovák,Czechoslovakia-szlovák
PINTÉR István−SZABÓ László,Czechoslovakia-szlovák,Czechoslovakia-szlovák
BERKESI András,Czechoslovakia-szlovák,Czechoslovakia-szlovák
DÉKÁNY András,Czechoslovakia-szlovák,Czechoslovakia-szlovák
GALAMBOS Lajos,Czechoslovakia-szlovák,Czechoslovakia-szlovák
VADÁSZ Ferenc,Czechoslovakia-szlovák,Czechoslovakia-szlovák
HORVÁTH Zoltán Géza,Czechoslovakia-szlovák,Czechoslovakia-szlovák
DOBOZY Imre,Czechoslovakia-szlovák,Czechoslovakia-szlovák
SZIRÁKY Judit,Czechoslovakia-szlovák,Czechoslovakia-szlovák
KRISTÓF Attila,Czechoslovakia-szlovák,Czechoslovakia-szlovák
BERTHA Bulcsu,Czechoslovakia-szlovák,Czechoslovakia-szlovák
CSÖRSZ István,Czechoslovakia-szlovák,Czechoslovakia-szlovák
Hámori Tibor,Czechoslovakia-szlovák,Czechoslovakia-szlovák
ILLÉS Sándor,Czechoslovakia-szlovák,Czechoslovakia-szlovák
GÁL György Sándor−SOMOGYI Vilmos,Czechoslovakia-szlovák,Czechoslovakia-szlovák
"Lányi Piroska, H.",Czechoslovakia-szlovák,Czechoslovakia-szlovák
Székely Júlia; Tolstoj Lev Nikolaevič,Czechoslovakia-szlovák,Czechoslovakia-szlovák
GÁL György Sándor,Czechoslovakia-szlovák,Czechoslovakia-szlovák
JÓKAI Anna,Czechoslovakia-szlovák,Czechoslovakia-szlovák
BARABÁS Tibor,Czechoslovakia-szlovák,Czechoslovakia-szlovák
Dávid Teréz,Czechoslovakia-szlovák,Czechoslovakia-szlovák
Dráveczky Zsuzsa,Czechoslovakia-szlovák,Czechoslovakia-szlovák
Kiss József László,Czechoslovakia-szlovák,Czechoslovakia-szlovák
TATAY Sándor,Czechoslovakia-szlovák,Czechoslovakia-szlovák
Turián György,Czechoslovakia-szlovák,Czechoslovakia-szlovák
GÁLL István,Czechoslovakia-szlovák,Czechoslovakia-szlovák
BÉKÉS Pál,Czechoslovakia-szlovák,Czechoslovakia-szlovák
GARAI Gábor,Czechoslovakia-szlovák,Czechoslovakia-szlovák
MAROSI Gyula,Czechoslovakia-szlovák,Czechoslovakia-szlovák
MATTYASOVSZKY Jenő,Czechoslovakia-szlovák,Czechoslovakia-szlovák
Lengyel Dénes,Czechoslovakia-szlovák,Czechoslovakia-szlovák
Tordon Ákos,Czechoslovakia-szlovák,Czechoslovakia-szlovák
Tőzsér Árpád,Czechoslovakia-szlovák,Czechoslovakia-szlovák
Kolozsvári Papp László,Czechoslovakia-szlovák,Czechoslovakia-szlovák
RAFFAI Sarolta,Czechoslovakia-szlovák,Czechoslovakia-szlovák
Sükösd Mihály,Czechoslovakia-szlovák,Czechoslovakia-szlovák
SZILÁGYI István,Czechoslovakia-szlovák,Czechoslovakia-szlovák
Falus György,Czechoslovakia-szlovák,Czechoslovakia-szlovák
Asperján György,Czechoslovakia-szlovák,Czechoslovakia-szlovák
Mág Bertalan,Czechoslovakia-szlovák,Czechoslovakia-szlovák
Cselényi László,Czechoslovakia-szlovák,Czechoslovakia-szlovák
TÓTH Árpád,Czechoslovakia-szlovák,Czechoslovakia-szlovák
Ratzky Rita,Czechoslovakia-szlovák,Czechoslovakia-szlovák
SCHWAJDA György,Czechoslovakia-szlovák,Czechoslovakia-szlovák
Bernáth Zsigmond,Czechoslovakia-szlovák,Czechoslovakia-szlovák
Faragó Jenő,Czechoslovakia-szlovák,Czechoslovakia-szlovák
NEMERE István,Czechoslovakia-szlovák,Czechoslovakia-szlovák
Rácz Olivér,Czechoslovakia-szlovák,Czechoslovakia-szlovák
Bólya Péter,Czechoslovakia-szlovák,Czechoslovakia-szlovák
KAFFKA Margit,Czechoslovakia-szlovák,Czechoslovakia-szlovák
GODA Gábor,Czechoslovakia-szlovák,Czechoslovakia-szlovák
BETLEN Oszkár,Czechoslovakia-szlovák,Czechoslovakia-szlovák
Hajnal Anna,Czechoslovakia-szlovák,Czechoslovakia-szlovák
FALUS György; József Gábor,Czechoslovakia-szlovák,Czechoslovakia-szlovák
ANDRÁS László,Czechoslovakia-szlovák,Czechoslovakia-szlovák
BOLDIZSÁR Iván,Czechoslovakia-szlovák,GDR
SÁNDOR Kálmán,Czechoslovakia-szlovák,GDR
PALOTAI Boris,Czechoslovakia-szlovák,GDR
ASZTALOS István,Czechoslovakia-szlovák,GDR
CSIKY Gergely,Czechoslovakia-szlovák,GDR
GERENCSÉR Miklós,Czechoslovakia-szlovák,GDR
FEKETE Gyula,Czechoslovakia-szlovák,GDR
THURY Zsuzsa,Czechoslovakia-szlovák,GDR
BERKESI András,Czechoslovakia-szlovák,GDR
DÉKÁNY András,Czechoslovakia-szlovák,GDR
DOBOZY Imre,Czechoslovakia-szlovák,GDR
BERTHA Bulcsu,Czechoslovakia-szlovák,GDR
JÓKAI Anna,Czechoslovakia-szlovák,GDR
TATAY Sándor,Czechoslovakia-szlovák,GDR
BÉKÉS Pál,Czechoslovakia-szlovák,GDR
GARAI Gábor,Czechoslovakia-szlovák,GDR
Lengyel Dénes,Czechoslovakia-szlovák,GDR
Kolozsvári Papp László,Czechoslovakia-szlovák,GDR
SZILÁGYI István,Czechoslovakia-szlovák,GDR
Asperján György,Czechoslovakia-szlovák,GDR
SCHWAJDA György,Czechoslovakia-szlovák,GDR
NEMERE István,Czechoslovakia-szlovák,GDR
KAFFKA Margit,Czechoslovakia-szlovák,GDR
GODA Gábor,Czechoslovakia-szlovák,GDR
BETLEN Oszkár,Czechoslovakia-szlovák,GDR
ANDRÁS László,Czechoslovakia-szlovák,GDR
GERGELY Sándor,Czechoslovakia-szlovák,Hungary
PALOTAI Boris,Czechoslovakia-szlovák,Hungary
FEKETE Gyula,Czechoslovakia-szlovák,Hungary
DÉKÁNY András,Czechoslovakia-szlovák,Hungary
GÁLL István,Czechoslovakia-szlovák,Hungary
TÓTH Árpád,Czechoslovakia-szlovák,Hungary
NEMERE István,Czechoslovakia-szlovák,Hungary
CSIKY Gergely,Czechoslovakia-szlovák,Iran
DOBOZY Imre,Czechoslovakia-szlovák,Mongolia
FAZEKAS Mihály,Czechoslovakia-szlovák,PR China
DOBOZY Imre,Czechoslovakia-szlovák,PR China
Hajnal Anna,Czechoslovakia-szlovák,PR China
BOLDIZSÁR Iván,Czechoslovakia-szlovák,Poland
GERGELY Sándor,Czechoslovakia-szlovák,Poland
PALOTAI Boris,Czechoslovakia-szlovák,Poland
ASZTALOS István,Czechoslovakia-szlovák,Poland
HÁRS László,Czechoslovakia-szlovák,Poland
HUNYADY József,Czechoslovakia-szlovák,Poland
BERKESI András,Czechoslovakia-szlovák,Poland
DÉKÁNY András,Czechoslovakia-szlovák,Poland
GÁL György Sándor,Czechoslovakia-szlovák,Poland
JÓKAI Anna,Czechoslovakia-szlovák,Poland
TATAY Sándor,Czechoslovakia-szlovák,Poland
GÁLL István,Czechoslovakia-szlovák,Poland
NEMERE István,Czechoslovakia-szlovák,Poland
KAFFKA Margit,Czechoslovakia-szlovák,Poland
EÖTVÖS József,Czechoslovakia-szlovák,Romania
FAZEKAS Mihály,Czechoslovakia-szlovák,Romania
GERGELY Sándor,Czechoslovakia-szlovák,Romania
SZABÓ Dezső,Czechoslovakia-szlovák,Romania
ASZTALOS István,Czechoslovakia-szlovák,Romania
FEKETE Gyula,Czechoslovakia-szlovák,Romania
BERKESI András,Czechoslovakia-szlovák,Romania
DÉKÁNY András,Czechoslovakia-szlovák,Romania
GALAMBOS Lajos,Czechoslovakia-szlovák,Romania
DOBOZY Imre,Czechoslovakia-szlovák,Romania
BERTHA Bulcsu,Czechoslovakia-szlovák,Romania
GARAI Gábor,Czechoslovakia-szlovák,Romania
SZILÁGYI István,Czechoslovakia-szlovák,Romania
KAFFKA Margit,Czechoslovakia-szlovák,Romania
GODA Gábor,Czechoslovakia-szlovák,Romania
BETLEN Oszkár,Czechoslovakia-szlovák,Romania
EÖTVÖS József,Czechoslovakia-szlovák,Turkey
SZABÓ Dezső,Czechoslovakia-szlovák,Turkey
BERKESI András,Czechoslovakia-szlovák,USSR-grúz
TATAY Sándor,Czechoslovakia-szlovák,USSR-kazah
TATAY Sándor,Czechoslovakia-szlovák,USSR-kirgiz
FEKETE Gyula,Czechoslovakia-szlovák,USSR-lett
THURY Zsuzsa,Czechoslovakia-szlovák,USSR-lett
BERKESI András,Czechoslovakia-szlovák,USSR-lett
KŐSZEGI Imre,Czechoslovakia-szlovák,USSR-litván
BERKESI András,Czechoslovakia-szlovák,USSR-litván
GÁL György Sándor,Czechoslovakia-szlovák,USSR-litván
TATAY Sándor,Czechoslovakia-szlovák,USSR-litván
EGRI Viktor,Czechoslovakia-szlovák,USSR-orosz
EÖTVÖS József,Czechoslovakia-szlovák,USSR-orosz
FÖLDES Mihály,Czechoslovakia-szlovák,USSR-orosz
GERGELY Sándor,Czechoslovakia-szlovák,USSR-orosz
SÁNDOR Kálmán,Czechoslovakia-szlovák,USSR-orosz
PALOTAI Boris,Czechoslovakia-szlovák,USSR-orosz
FEKETE Gyula,Czechoslovakia-szlovák,USSR-orosz
JUHÁSZ Gyula,Czechoslovakia-szlovák,USSR-orosz
HÁRS László,Czechoslovakia-szlovák,USSR-orosz
KŐSZEGI Imre,Czechoslovakia-szlovák,USSR-orosz
THURY Zsuzsa,Czechoslovakia-szlovák,USSR-orosz
BERKESI András,Czechoslovakia-szlovák,USSR-orosz
GALAMBOS Lajos,Czechoslovakia-szlovák,USSR-orosz
DOBOZY Imre,Czechoslovakia-szlovák,USSR-orosz
BERTHA Bulcsu,Czechoslovakia-szlovák,USSR-orosz
GÁL György Sándor,Czechoslovakia-szlovák,USSR-orosz
JÓKAI Anna,Czechoslovakia-szlovák,USSR-orosz
BARABÁS Tibor,Czechoslovakia-szlovák,USSR-orosz
TATAY Sándor,Czechoslovakia-szlovák,USSR-orosz
GÁLL István,Czechoslovakia-szlovák,USSR-orosz
GARAI Gábor,Czechoslovakia-szlovák,USSR-orosz
RAFFAI Sarolta,Czechoslovakia-szlovák,USSR-orosz
Mág Bertalan,Czechoslovakia-szlovák,USSR-orosz
KAFFKA Margit,Czechoslovakia-szlovák,USSR-orosz
GODA Gábor,Czechoslovakia-szlovák,USSR-orosz
HÁRS László,Czechoslovakia-szlovák,USSR-ukrán
KŐSZEGI Imre,Czechoslovakia-szlovák,USSR-ukrán
THURY Zsuzsa,Czechoslovakia-szlovák,USSR-ukrán
BERKESI András,Czechoslovakia-szlovák,USSR-ukrán
DOBOZY Imre,Czechoslovakia-szlovák,USSR-ukrán
BERTHA Bulcsu,Czechoslovakia-szlovák,USSR-ukrán
JÓKAI Anna,Czechoslovakia-szlovák,USSR-ukrán
TATAY Sándor,Czechoslovakia-szlovák,USSR-ukrán
KŐSZEGI Imre,Czechoslovakia-szlovák,USSR-észt
TATAY Sándor,Czechoslovakia-szlovák,USSR-észt
Sükösd Mihály,Czechoslovakia-szlovák,USSR-észt
HÁRS László,Czechoslovakia-szlovák,USSR-örmény
BERKESI András,Czechoslovakia-szlovák,USSR-örmény
TATAY Sándor,Czechoslovakia-szlovák,USSR-örmény
BERKESI András,Czechoslovakia-szlovák,USSR-üzbég
GÁL György Sándor−SOMOGYI Vilmos,Czechoslovakia-szlovák,Yugoslavia
JÓKAI Anna,Czechoslovakia-szlovák,Yugoslavia
KAFFKA Margit,Czechoslovakia-szlovák,Yugoslavia
GODA Gábor,Czechoslovakia-szlovák,Yugoslavia
DÁNIEL Anna,Egypt,Egypt
DÁNIEL Anna,Egypt,Poland
DÁNIEL Anna,Egypt,USSR-lett
ASZTALOS István,GDR,GDR
CSIKY Gergely,GDR,GDR
HAJNAL Anna,GDR,GDR
NAGY Sándor,GDR,GDR
PALOTAI Boris,GDR,GDR
SÁNDOR Kálmán,GDR,GDR
THURY Zsuzsa,GDR,GDR
ZALKA Máté,GDR,GDR
ZOLNAY Vimos,GDR,GDR
SZENCZEI László,GDR,GDR
THURZÓ Gábor,GDR,GDR
ARANYOSSI Magda,GDR,GDR
KAFFKA Margit,GDR,GDR
KOLOZSVÁRI GRANDPIERRE Emil,GDR,GDR
ORAVECZ Paula,GDR,GDR
TAMÁSI Áron,GDR,GDR
BARTA Lajos,GDR,GDR
GODA Gábor,GDR,GDR
NÉMETH Imre,GDR,GDR
FÖLDES Péter,GDR,GDR
BÁLINT György,GDR,GDR
GERENCSÉR Miklós,GDR,GDR
VIDOR Katalin,GDR,GDR
DOBOZY Imre,GDR,GDR
TATAY Sándor,GDR,GDR
ERDŐDY János,GDR,GDR
FEKETE Gyula,GDR,GDR
GÁDOR Béla,GDR,GDR
DÉKÁNY András,GDR,GDR
AMBRÓZY Ágoston,GDR,GDR
ÖRSI Ferenc,GDR,GDR
MEZEI András,GDR,GDR
NAGY László,GDR,GDR
BERKESI András,GDR,GDR
BERNÁTH Aurél,GDR,GDR
CSERNAI Zoltán,GDR,GDR
HIDAS Antal,GDR,GDR
MOLNÁR Gábor,GDR,GDR
SIPKAY Barna,GDR,GDR
SARKADI Imre,GDR,GDR
ANDRÁS László,GDR,GDR
Bajor Andor,GDR,GDR
BOLDIZSÁR Iván,GDR,GDR
BERTHA Bulcsu,GDR,GDR
FÓTI Andor,GDR,GDR
HAJNAL Gábor,GDR,GDR
THIERY Árpád,GDR,GDR
CSUKÁS István,GDR,GDR
RADÓ Sándor,GDR,GDR
PAP Károly,GDR,GDR
Bozóky Éva,GDR,GDR
FENÁKEL Judit,GDR,GDR
László Lajos,GDR,GDR
GARAI Gábor,GDR,GDR
SZILÁGYI István,GDR,GDR
FÜLÖP János,GDR,GDR
ZALKA Miklós,GDR,GDR
Asperján György,GDR,GDR
KALÁSZ Márton,GDR,GDR
Domokos Mátyás,GDR,GDR
NEMERE István,GDR,GDR
SCHWAJDA György,GDR,GDR
Joó Katalin,GDR,GDR
MUNKÁCSI Miklós,GDR,GDR
Ördögh Szilveszter,GDR,GDR
VAS István,GDR,GDR
Lengyel Dénes,GDR,GDR
Kolozsvári Papp László,GDR,GDR
BÉKÉS Pál,GDR,GDR
Ember Mária,GDR,GDR
BETLEN Oszkár,GDR,GDR
JÓKAI Anna,GDR,GDR
ZÁGONI Ferenc,GDR,GDR
PALOTAI Boris,GDR,Hungary
TAMÁSI Áron,GDR,Hungary
NÉMETH Imre,GDR,Hungary
FÖLDES Péter,GDR,Hungary
FEKETE Gyula,GDR,Hungary
DÉKÁNY András,GDR,Hungary
NAGY László,GDR,Hungary
SARKADI Imre,GDR,Hungary
PAP Károly,GDR,Hungary
NEMERE István,GDR,Hungary
VAS István,GDR,Hungary
CSIKY Gergely,GDR,Iran
NAGY Sándor,GDR,Mongolia
DOBOZY Imre,GDR,Mongolia
NAGY Sándor,GDR,PR China
DOBOZY Imre,GDR,PR China
ASZTALOS István,GDR,Poland
PALOTAI Boris,GDR,Poland
ZALKA Máté,GDR,Poland
THURZÓ Gábor,GDR,Poland
KAFFKA Margit,GDR,Poland
KOLOZSVÁRI GRANDPIERRE Emil,GDR,Poland
TAMÁSI Áron,GDR,Poland
NÉMETH Imre,GDR,Poland
TATAY Sándor,GDR,Poland
ERDŐDY János,GDR,Poland
DÉKÁNY András,GDR,Poland
MEZEI András,GDR,Poland
NAGY László,GDR,Poland
BERKESI András,GDR,Poland
SARKADI Imre,GDR,Poland
BOLDIZSÁR Iván,GDR,Poland
NEMERE István,GDR,Poland
MUNKÁCSI Miklós,GDR,Poland
JÓKAI Anna,GDR,Poland
ASZTALOS István,GDR,Romania
THURZÓ Gábor,GDR,Romania
KAFFKA Margit,GDR,Romania
TAMÁSI Áron,GDR,Romania
GODA Gábor,GDR,Romania
DOBOZY Imre,GDR,Romania
FEKETE Gyula,GDR,Romania
DÉKÁNY András,GDR,Romania
BERKESI András,GDR,Romania
SARKADI Imre,GDR,Romania
BERTHA Bulcsu,GDR,Romania
GARAI Gábor,GDR,Romania
SZILÁGYI István,GDR,Romania
MUNKÁCSI Miklós,GDR,Romania
BETLEN Oszkár,GDR,Romania
NAGY Sándor,GDR,USSR-altaji
NAGY Sándor,GDR,USSR-azerbajdzsán
RADÓ Sándor,GDR,USSR-azerbajdzsán
NAGY Sándor,GDR,USSR-csuvas
NAGY Sándor,GDR,USSR-fehérorosz
NAGY Sándor,GDR,USSR-finn
NAGY Sándor,GDR,USSR-grúz
BERKESI András,GDR,USSR-grúz
HIDAS Antal,GDR,USSR-grúz
SARKADI Imre,GDR,USSR-grúz
RADÓ Sándor,GDR,USSR-grúz
NAGY Sándor,GDR,USSR-kazah
ZALKA Máté,GDR,USSR-kazah
TATAY Sándor,GDR,USSR-kazah
HIDAS Antal,GDR,USSR-kazah
RADÓ Sándor,GDR,USSR-kazah
ZALKA Máté,GDR,USSR-kirgiz
TATAY Sándor,GDR,USSR-kirgiz
THURY Zsuzsa,GDR,USSR-lett
ZALKA Máté,GDR,USSR-lett
FEKETE Gyula,GDR,USSR-lett
BERKESI András,GDR,USSR-lett
RADÓ Sándor,GDR,USSR-lett
ZÁGONI Ferenc,GDR,USSR-lett
ZALKA Máté,GDR,USSR-litván
TATAY Sándor,GDR,USSR-litván
ÖRSI Ferenc,GDR,USSR-litván
BERKESI András,GDR,USSR-litván
RADÓ Sándor,GDR,USSR-litván
NAGY Sándor,GDR,USSR-moldva
ZALKA Máté,GDR,USSR-moldva
RADÓ Sándor,GDR,USSR-moldva
NAGY Sándor,GDR,USSR-orosz
PALOTAI Boris,GDR,USSR-orosz
SÁNDOR Kálmán,GDR,USSR-orosz
THURY Zsuzsa,GDR,USSR-orosz
ZALKA Máté,GDR,USSR-orosz
KAFFKA Margit,GDR,USSR-orosz
ORAVECZ Paula,GDR,USSR-orosz
TAMÁSI Áron,GDR,USSR-orosz
GODA Gábor,GDR,USSR-orosz
FÖLDES Péter,GDR,USSR-orosz
DOBOZY Imre,GDR,USSR-orosz
TATAY Sándor,GDR,USSR-orosz
FEKETE Gyula,GDR,USSR-orosz
BERKESI András,GDR,USSR-orosz
HIDAS Antal,GDR,USSR-orosz
SARKADI Imre,GDR,USSR-orosz
BERTHA Bulcsu,GDR,USSR-orosz
THIERY Árpád,GDR,USSR-orosz
CSUKÁS István,GDR,USSR-orosz
GARAI Gábor,GDR,USSR-orosz
FÜLÖP János,GDR,USSR-orosz
ZALKA Miklós,GDR,USSR-orosz
JÓKAI Anna,GDR,USSR-orosz
ZÁGONI Ferenc,GDR,USSR-orosz
SARKADI Imre,GDR,USSR-tadzsik
RADÓ Sándor,GDR,USSR-tadzsik
RADÓ Sándor,GDR,USSR-türkmén
NAGY Sándor,GDR,USSR-udmurt
THURY Zsuzsa,GDR,USSR-ukrán
ZALKA Máté,GDR,USSR-ukrán
THURZÓ Gábor,GDR,USSR-ukrán
DOBOZY Imre,GDR,USSR-ukrán
TATAY Sándor,GDR,USSR-ukrán
BERKESI András,GDR,USSR-ukrán
HIDAS Antal,GDR,USSR-ukrán
BERTHA Bulcsu,GDR,USSR-ukrán
CSUKÁS István,GDR,USSR-ukrán
RADÓ Sándor,GDR,USSR-ukrán
JÓKAI Anna,GDR,USSR-ukrán
ZALKA Máté,GDR,USSR-észt
TAMÁSI Áron,GDR,USSR-észt
TATAY Sándor,GDR,USSR-észt
SARKADI Imre,GDR,USSR-észt
TATAY Sándor,GDR,USSR-örmény
BERKESI András,GDR,USSR-örmény
RADÓ Sándor,GDR,USSR-örmény
BERKESI András,GDR,USSR-üzbég
KAFFKA Margit,GDR,Yugoslavia
KOLOZSVÁRI GRANDPIERRE Emil,GDR,Yugoslavia
TAMÁSI Áron,GDR,Yugoslavia
GODA Gábor,GDR,Yugoslavia
JÓKAI Anna,GDR,Yugoslavia
KATONA József,Hungary,Hungary
TÖMÖRKÉNY István,Hungary,Hungary
HUNYADY Sándor,Hungary,Hungary
GERGELY Sándor,Hungary,Hungary
KARIKÁS Frigyes,Hungary,Hungary
B. RADÓ Lili,Hungary,Hungary
FÖLDES Péter,Hungary,Hungary
ASZLÁNYI Károly,Hungary,Hungary
KARÁCSONY Benő,Hungary,Hungary
NÉMETH Imre,Hungary,Hungary
FEKETE Gyula,Hungary,Hungary
KOMLÓS Aladár,Hungary,Hungary
SARKADI Imre,Hungary,Hungary
TAMÁSI Áron,Hungary,Hungary
RÉVAY József,Hungary,Hungary
DÉKÁNY András,Hungary,Hungary
PALOTAI Boris,Hungary,Hungary
SZENTIVÁNYI Jenő,Hungary,Hungary
SZOMBATHY Viktor,Hungary,Hungary
SEBŐK Ferenc,Hungary,Hungary
NAGY László,Hungary,Hungary
PAP Károly,Hungary,Hungary
Kardos Gyula,Hungary,Hungary
Vámbéry Ármin,Hungary,Hungary
GÁLL István,Hungary,Hungary
Lőrincz László,Hungary,Hungary
Pintér Lidia,Hungary,Hungary
SZABÓ Lőrinc,Hungary,Hungary
Turán B. Róbert,Hungary,Hungary
Zsombolyai János,Hungary,Hungary
SZILÁGYI Ferenc,Hungary,Hungary
NEMERE István,Hungary,Hungary
Barna István,Hungary,Hungary
BALASSI Bálint,Hungary,Hungary
CSOKONAI VITÉZ Mihály,Hungary,Hungary
Gyöngyössy Imre; Kabay Barna,Hungary,Hungary
TÓTH Árpád,Hungary,Hungary
MOLDOVÁN Domokos,Hungary,Hungary
Elek Judit,Hungary,Hungary
Nádor Tamás,Hungary,Hungary
KÖLCSEY Ferenc,Hungary,Hungary
Prónay Pálma,Hungary,Hungary
Vigh Jenő,Hungary,Hungary
SIMON István,Hungary,Hungary
VAS István,Hungary,Hungary
Vágvölgyi Éva,Hungary,Hungary
Ormay Imre,Hungary,Hungary
Büki Attila,Hungary,Hungary
Eötvös József,Hungary,Hungary
Vámbéry Ármin,Hungary,Iran
TÖMÖRKÉNY István,Hungary,PR China
GERGELY Sándor,Hungary,Poland
NÉMETH Imre,Hungary,Poland
SARKADI Imre,Hungary,Poland
TAMÁSI Áron,Hungary,Poland
DÉKÁNY András,Hungary,Poland
PALOTAI Boris,Hungary,Poland
NAGY László,Hungary,Poland
GÁLL István,Hungary,Poland
NEMERE István,Hungary,Poland
KATONA József,Hungary,Romania
GERGELY Sándor,Hungary,Romania
KARIKÁS Frigyes,Hungary,Romania
KARÁCSONY Benő,Hungary,Romania
FEKETE Gyula,Hungary,Romania
SARKADI Imre,Hungary,Romania
TAMÁSI Áron,Hungary,Romania
DÉKÁNY András,Hungary,Romania
SZABÓ Lőrinc,Hungary,Romania
KATONA József,Hungary,Turkey
KÖLCSEY Ferenc,Hungary,Turkey
SARKADI Imre,Hungary,USSR-grúz
FEKETE Gyula,Hungary,USSR-lett
KATONA József,Hungary,USSR-orosz
TÖMÖRKÉNY István,Hungary,USSR-orosz
GERGELY Sándor,Hungary,USSR-orosz
KARIKÁS Frigyes,Hungary,USSR-orosz
FÖLDES Péter,Hungary,USSR-orosz
FEKETE Gyula,Hungary,USSR-orosz
SARKADI Imre,Hungary,USSR-orosz
TAMÁSI Áron,Hungary,USSR-orosz
PALOTAI Boris,Hungary,USSR-orosz
GÁLL István,Hungary,USSR-orosz
SIMON István,Hungary,USSR-orosz
SARKADI Imre,Hungary,USSR-tadzsik
SARKADI Imre,Hungary,USSR-észt
TAMÁSI Áron,Hungary,USSR-észt
TAMÁSI Áron,Hungary,Yugoslavia
CSIKY Gergely,Iran,Iran
Vámbéry Ármin,Iran,Iran
NAGY Sándor,Mongolia,Mongolia
DOBOZY Imre,Mongolia,Mongolia
NAGY Sándor,Mongolia,PR China
DOBOZY Imre,Mongolia,PR China
DOBOZY Imre,Mongolia,Romania
NAGY Sándor,Mongolia,USSR-altaji
NAGY Sándor,Mongolia,USSR-azerbajdzsán
NAGY Sándor,Mongolia,USSR-csuvas
NAGY Sándor,Mongolia,USSR-fehérorosz
NAGY Sándor,Mongolia,USSR-finn
NAGY Sándor,Mongolia,USSR-grúz
NAGY Sándor,Mongolia,USSR-kazah
NAGY Sándor,Mongolia,USSR-moldva
NAGY Sándor,Mongolia,USSR-orosz
DOBOZY Imre,Mongolia,USSR-orosz
NAGY Sándor,Mongolia,USSR-udmurt
DOBOZY Imre,Mongolia,USSR-ukrán
BENJÁMIN László,PR China,PR China
DOBOZY Imre,PR China,PR China
FAZEKAS Mihály,PR China,PR China
MÁNDI Éva,PR China,PR China
MARKOVITS Rodion,PR China,PR China
NAGY Sándor,PR China,PR China
TARDOS Tibor,PR China,PR China
TÖMÖRKÉNY István,PR China,PR China
MÓRICZ Virág−THURZÓ Gábor(-MÓRICZ Zsigmond),PR China,PR China
Hajnal Anna,PR China,PR China
DOBOZY Imre,PR China,Romania
FAZEKAS Mihály,PR China,Romania
MARKOVITS Rodion,PR China,Romania
NAGY Sándor,PR China,USSR-altaji
NAGY Sándor,PR China,USSR-azerbajdzsán
NAGY Sándor,PR China,USSR-csuvas
NAGY Sándor,PR China,USSR-fehérorosz
NAGY Sándor,PR China,USSR-finn
NAGY Sándor,PR China,USSR-grúz
NAGY Sándor,PR China,USSR-kazah
BENJÁMIN László,PR China,USSR-lett
NAGY Sándor,PR China,USSR-moldva
BENJÁMIN László,PR China,USSR-orosz
DOBOZY Imre,PR China,USSR-orosz
MÁNDI Éva,PR China,USSR-orosz
NAGY Sándor,PR China,USSR-orosz
TÖMÖRKÉNY István,PR China,USSR-orosz
NAGY Sándor,PR China,USSR-udmurt
DOBOZY Imre,PR China,USSR-ukrán
ÁCS Kató,Poland,Poland
ASZTALOS István,Poland,Poland
BALÁZS Anna,Poland,Poland
EGRY Irén,Poland,Poland
GERGELY Sándor,Poland,Poland
ILKU Pál,Poland,Poland
LESTYÁN Sándor,Poland,Poland
SÁSDI Sándor,Poland,Poland
TAMÁSI Áron,Poland,Poland
ZALKA Máté,Poland,Poland
VIDOR Miklós,Poland,Poland
BÁRDOS László,Poland,Poland
KAFFKA Margit,Poland,Poland
NÉMETH Imre,Poland,Poland
ALTAY Margit,Poland,Poland
TATAY Sándor,Poland,Poland
ERDŐDY János,Poland,Poland
SARKADI Imre,Poland,Poland
SZILVÁSI Lajos,Poland,Poland
BERKESI András,Poland,Poland
BERKESI András−KARDOS György,Poland,Poland
HÁRS László,Poland,Poland
KERTÉSZ Erzsébet,Poland,Poland
PÁLYI András,Poland,Poland
HUNYADY József,Poland,Poland
JÓKAI Anna,Poland,Poland
DÉKÁNY András,Poland,Poland
THURZÓ Gábor,Poland,Poland
TIMÁR Máté,Poland,Poland
PALOTAI Boris,Poland,Poland
MOLNÁR Géza,Poland,Poland
BOLDIZSÁR Iván,Poland,Poland
NAGY László,Poland,Poland
MEZEI András,Poland,Poland
Beney Zsuzsa,Poland,Poland
MUNKÁCSI Miklós,Poland,Poland
Hegedüs Bite Daniel,Poland,Poland
KOLOZSVÁRI GRANDPIERRE Emil,Poland,Poland
NEMES László,Poland,Poland
Zolnay Vilmos,Poland,Poland
Czakó Gábor,Poland,Poland
Végh Antal,Poland,Poland
ERDŐS László,Poland,Poland
GÁL György Sándor,Poland,Poland
"Horváth Tibor, Cs.",Poland,Poland
GION Nándor,Poland,Poland
DÁNIEL Anna,Poland,Poland
Szentmihályi Szabó Péter,Poland,Poland
SEBŐK Éva,Poland,Poland
NEMERE István,Poland,Poland
Osztojkán Béla,Poland,Poland
GÁLL István,Poland,Poland
BÁLINT Tibor,Poland,Poland
URBÁN Ernő,Poland,Poland
ASZTALOS István,Poland,Romania
GERGELY Sándor,Poland,Romania
TAMÁSI Áron,Poland,Romania
VIDOR Miklós,Poland,Romania
KAFFKA Margit,Poland,Romania
SARKADI Imre,Poland,Romania
SZILVÁSI Lajos,Poland,Romania
BERKESI András,Poland,Romania
DÉKÁNY András,Poland,Romania
THURZÓ Gábor,Poland,Romania
MUNKÁCSI Miklós,Poland,Romania
BÁLINT Tibor,Poland,Romania
SARKADI Imre,Poland,USSR-grúz
BERKESI András,Poland,USSR-grúz
MOLNÁR Géza,Poland,USSR-grúz
ZALKA Máté,Poland,USSR-kazah
TATAY Sándor,Poland,USSR-kazah
ZALKA Máté,Poland,USSR-kirgiz
TATAY Sándor,Poland,USSR-kirgiz
ZALKA Máté,Poland,USSR-lett
BERKESI András,Poland,USSR-lett
MOLNÁR Géza,Poland,USSR-lett
DÁNIEL Anna,Poland,USSR-lett
ZALKA Máté,Poland,USSR-litván
VIDOR Miklós,Poland,USSR-litván
TATAY Sándor,Poland,USSR-litván
BERKESI András,Poland,USSR-litván
MOLNÁR Géza,Poland,USSR-litván
GÁL György Sándor,Poland,USSR-litván
ZALKA Máté,Poland,USSR-moldva
GERGELY Sándor,Poland,USSR-orosz
TAMÁSI Áron,Poland,USSR-orosz
ZALKA Máté,Poland,USSR-orosz
KAFFKA Margit,Poland,USSR-orosz
TATAY Sándor,Poland,USSR-orosz
SARKADI Imre,Poland,USSR-orosz
SZILVÁSI Lajos,Poland,USSR-orosz
BERKESI András,Poland,USSR-orosz
BERKESI András−KARDOS György,Poland,USSR-orosz
HÁRS László,Poland,USSR-orosz
JÓKAI Anna,Poland,USSR-orosz
PALOTAI Boris,Poland,USSR-orosz
MOLNÁR Géza,Poland,USSR-orosz
GÁL György Sándor,Poland,USSR-orosz
GÁLL István,Poland,USSR-orosz
URBÁN Ernő,Poland,USSR-orosz
SARKADI Imre,Poland,USSR-tadzsik
ILKU Pál,Poland,USSR-ukrán
ZALKA Máté,Poland,USSR-ukrán
TATAY Sándor,Poland,USSR-ukrán
BERKESI András,Poland,USSR-ukrán
BERKESI András−KARDOS György,Poland,USSR-ukrán
HÁRS László,Poland,USSR-ukrán
JÓKAI Anna,Poland,USSR-ukrán
THURZÓ Gábor,Poland,USSR-ukrán
TAMÁSI Áron,Poland,USSR-észt
ZALKA Máté,Poland,USSR-észt
TATAY Sándor,Poland,USSR-észt
SARKADI Imre,Poland,USSR-észt
MOLNÁR Géza,Poland,USSR-észt
TATAY Sándor,Poland,USSR-örmény
SZILVÁSI Lajos,Poland,USSR-örmény
BERKESI András,Poland,USSR-örmény
HÁRS László,Poland,USSR-örmény
MOLNÁR Géza,Poland,USSR-örmény
BERKESI András,Poland,USSR-üzbég
URBÁN Ernő,Poland,USSR-üzbég
TAMÁSI Áron,Poland,Yugoslavia
KAFFKA Margit,Poland,Yugoslavia
JÓKAI Anna,Poland,Yugoslavia
KOLOZSVÁRI GRANDPIERRE Emil,Poland,Yugoslavia
GION Nándor,Poland,Yugoslavia
ASZTALOS István,Romania,Romania
DETREHEMY József,Romania,Romania
GERGELY Sándor,Romania,Romania
KATONA József,Romania,Romania
KOVÁCS György,Romania,Romania
MÉHES György,Romania,Romania
MÉLIUSZ József,Romania,Romania
SZEBERÉNYI Lehel,Romania,Romania
FÁY András,Romania,Romania
HORVÁTH István,Romania,Romania
MAJTÉNYI Erik,Romania,Romania
NAGY István,Romania,Romania
PAPP Ferenc,Romania,Romania
SZABÉDI László,Romania,Romania
SZABÓ Gyula,Romania,Romania
EÖTVÖS József,Romania,Romania
KORMOS Gyula,Romania,Romania
LÉTAY Lajos,Romania,Romania
SARKADI Imre,Romania,Romania
TOLLAS A. Júlia,Romania,Romania
DOBOZY Imre,Romania,Romania
GODA Gábor,Romania,Romania
SALAMON Ernő,Romania,Romania
VERESS Zoltán,Romania,Romania
FAZEKAS Mihály,Romania,Romania
HUSZÁR Sándor,Romania,Romania
BÁLINT Tibor,Romania,Romania
BARTALIS János,Romania,Romania
LÁSZLÓ Anna,Romania,Romania
SZINNYEI Júlia,Romania,Romania
KISS Jenő,Romania,Romania
KÓS Károly,Romania,Romania
KUNCZ Aladár,Romania,Romania
KARIKÁS Frigyes,Romania,Romania
DÉKÁNY András,Romania,Romania
THURZÓ Gábor,Romania,Romania
KARÁCSONY Benő,Romania,Romania
MOLTER Károly,Romania,Romania
BERTHA Bulcsu,Romania,Romania
GALAMBOS Lajos,Romania,Romania
JÉKELY Zoltán,Romania,Romania
TABÉRY Géza,Romania,Romania
ÁPRILY Lajos,Romania,Romania
BODOR Ádám,Romania,Romania
Deák Tamás,Romania,Romania
FEKETE Gyula,Romania,Romania
KAFFKA Margit,Romania,Romania
MARKOVITS Rodion,Romania,Romania
Soltész József,Romania,Romania
SZILÁGYI Domokos,Romania,Romania
SZILVÁSI Lajos,Romania,Romania
TAMÁSI Áron,Romania,Romania
CSIKI László,Romania,Romania
KEMÉNY Zsigmond,Romania,Romania
Ferencz Zsuzsanna,Romania,Romania
KIRÁLY László,Romania,Romania
Kiss János,Romania,Romania
SZABÓ Lőrinc,Romania,Romania
RUBIN Szilárd,Romania,Romania
Varró János,Romania,Romania
KÁNYÁDI Sándor,Romania,Romania
KÁROLY Sándor,Romania,Romania
Panek Zoltán,Romania,Romania
Balla Zsófia,Romania,Romania
BIHARI Klára,Romania,Romania
GARAI Gábor,Romania,Romania
Györffi Kálmán,Romania,Romania
TÓTH Kálmán,Romania,Romania
SZABÓ Dezső,Romania,Romania
SZILÁGYI István,Romania,Romania
BERKESI András,Romania,Romania
Mester Zsolt,Romania,Romania
MUNKÁCSI Miklós,Romania,Romania
Pongrácz Mária,Romania,Romania
Tóth Mária,Romania,Romania
Mózes Attila,Romania,Romania
Balogh József,Romania,Romania
Gherasim Emil,Romania,Romania
Vasarhelyi Geza,Romania,Romania
Kemény János,Romania,Romania
LÁSZLÓFFY Aladár,Romania,Romania
FARKAS Árpád,Romania,Romania
Dehel Gabor,Romania,Romania
SZÉKELY János,Romania,Romania
HORVÁTH Imre,Romania,Romania
JÓZSEF Jolán,Romania,Romania
BETLEN Oszkár,Romania,Romania
VIDOR Miklós,Romania,Romania
KATONA József,Romania,Turkey
EÖTVÖS József,Romania,Turkey
KUNCZ Aladár,Romania,Turkey
KEMÉNY Zsigmond,Romania,Turkey
SZABÓ Dezső,Romania,Turkey
NAGY István,Romania,USSR-grúz
SARKADI Imre,Romania,USSR-grúz
BERKESI András,Romania,USSR-grúz
FEKETE Gyula,Romania,USSR-lett
BERKESI András,Romania,USSR-lett
BERKESI András,Romania,USSR-litván
VIDOR Miklós,Romania,USSR-litván
GERGELY Sándor,Romania,USSR-orosz
KATONA József,Romania,USSR-orosz
EÖTVÖS József,Romania,USSR-orosz
SARKADI Imre,Romania,USSR-orosz
DOBOZY Imre,Romania,USSR-orosz
GODA Gábor,Romania,USSR-orosz
KARIKÁS Frigyes,Romania,USSR-orosz
BERTHA Bulcsu,Romania,USSR-orosz
GALAMBOS Lajos,Romania,USSR-orosz
FEKETE Gyula,Romania,USSR-orosz
KAFFKA Margit,Romania,USSR-orosz
SZILVÁSI Lajos,Romania,USSR-orosz
TAMÁSI Áron,Romania,USSR-orosz
GARAI Gábor,Romania,USSR-orosz
BERKESI András,Romania,USSR-orosz
SARKADI Imre,Romania,USSR-tadzsik
DOBOZY Imre,Romania,USSR-ukrán
THURZÓ Gábor,Romania,USSR-ukrán
BERTHA Bulcsu,Romania,USSR-ukrán
BIHARI Klára,Romania,USSR-ukrán
BERKESI András,Romania,USSR-ukrán
SARKADI Imre,Romania,USSR-észt
TAMÁSI Áron,Romania,USSR-észt
SZILVÁSI Lajos,Romania,USSR-örmény
BERKESI András,Romania,USSR-örmény
BERKESI András,Romania,USSR-üzbég
GODA Gábor,Romania,Yugoslavia
KAFFKA Margit,Romania,Yugoslavia
TAMÁSI Áron,Romania,Yugoslavia
EÖTVÖS József,Turkey,Turkey
KATONA József,Turkey,Turkey
KEMÉNY Zsigmond,Turkey,Turkey
KÖLCSEY Ferenc,Turkey,Turkey
KUNCZ Aladár,Turkey,Turkey
SZABÓ Dezső,Turkey,Turkey
EÖTVÖS József,Turkey,USSR-orosz
KATONA József,Turkey,USSR-orosz
NAGY Sándor,USSR-altaji,USSR-altaji
NAGY Sándor,USSR-altaji,USSR-azerbajdzsán
NAGY Sándor,USSR-altaji,USSR-csuvas
NAGY Sándor,USSR-altaji,USSR-fehérorosz
NAGY Sándor,USSR-altaji,USSR-finn
NAGY Sándor,USSR-altaji,USSR-grúz
NAGY Sándor,USSR-altaji,USSR-kazah
NAGY Sándor,USSR-altaji,USSR-moldva
NAGY Sándor,USSR-altaji,USSR-orosz
NAGY Sándor,USSR-altaji,USSR-udmurt
NAGY Sándor,USSR-azerbajdzsán,USSR-azerbajdzsán
RADÓ Sándor,USSR-azerbajdzsán,USSR-azerbajdzsán
CSÁK Gyula,USSR-azerbajdzsán,USSR-azerbajdzsán
NAGY Sándor,USSR-azerbajdzsán,USSR-csuvas
NAGY Sándor,USSR-azerbajdzsán,USSR-fehérorosz
NAGY Sándor,USSR-azerbajdzsán,USSR-finn
NAGY Sándor,USSR-azerbajdzsán,USSR-grúz
RADÓ Sándor,USSR-azerbajdzsán,USSR-grúz
NAGY Sándor,USSR-azerbajdzsán,USSR-kazah
RADÓ Sándor,USSR-azerbajdzsán,USSR-kazah
RADÓ Sándor,USSR-azerbajdzsán,USSR-lett
RADÓ Sándor,USSR-azerbajdzsán,USSR-litván
NAGY Sándor,USSR-azerbajdzsán,USSR-moldva
RADÓ Sándor,USSR-azerbajdzsán,USSR-moldva
NAGY Sándor,USSR-azerbajdzsán,USSR-orosz
CSÁK Gyula,USSR-azerbajdzsán,USSR-orosz
RADÓ Sándor,USSR-azerbajdzsán,USSR-tadzsik
RADÓ Sándor,USSR-azerbajdzsán,USSR-türkmén
NAGY Sándor,USSR-azerbajdzsán,USSR-udmurt
RADÓ Sándor,USSR-azerbajdzsán,USSR-ukrán
RADÓ Sándor,USSR-azerbajdzsán,USSR-örmény
NAGY Sándor,USSR-csuvas,USSR-csuvas
NAGY Sándor,USSR-csuvas,USSR-fehérorosz
NAGY Sándor,USSR-csuvas,USSR-finn
NAGY Sándor,USSR-csuvas,USSR-grúz
NAGY Sándor,USSR-csuvas,USSR-kazah
NAGY Sándor,USSR-csuvas,USSR-moldva
NAGY Sándor,USSR-csuvas,USSR-orosz
NAGY Sándor,USSR-csuvas,USSR-udmurt
NAGY Sándor,USSR-fehérorosz,USSR-fehérorosz
FÖLDEÁK János,USSR-fehérorosz,USSR-fehérorosz
PETROVÁCZ István,USSR-fehérorosz,USSR-fehérorosz
NAGY Sándor,USSR-fehérorosz,USSR-finn
NAGY Sándor,USSR-fehérorosz,USSR-grúz
FÖLDEÁK János,USSR-fehérorosz,USSR-grúz
NAGY Sándor,USSR-fehérorosz,USSR-kazah
FÖLDEÁK János,USSR-fehérorosz,USSR-lett
FÖLDEÁK János,USSR-fehérorosz,USSR-litván
NAGY Sándor,USSR-fehérorosz,USSR-moldva
NAGY Sándor,USSR-fehérorosz,USSR-orosz
FÖLDEÁK János,USSR-fehérorosz,USSR-orosz
PETROVÁCZ István,USSR-fehérorosz,USSR-orosz
NAGY Sándor,USSR-fehérorosz,USSR-udmurt
PETROVÁCZ István,USSR-fehérorosz,USSR-ukrán
PETROVÁCZ István,USSR-fehérorosz,USSR-örmény
NAGY Sándor,USSR-finn,USSR-finn
NAGY Sándor,USSR-finn,USSR-grúz
NAGY Sándor,USSR-finn,USSR-kazah
NAGY Sándor,USSR-finn,USSR-moldva
NAGY Sándor,USSR-finn,USSR-orosz
NAGY Sándor,USSR-finn,USSR-udmurt
HIDAS Antal,USSR-grúz,USSR-grúz
MOLNÁR Géza,USSR-grúz,USSR-grúz
NAGY István,USSR-grúz,USSR-grúz
NAGY Sándor,USSR-grúz,USSR-grúz
VARGA Imre,USSR-grúz,USSR-grúz
BERKESI András,USSR-grúz,USSR-grúz
FÖLDEÁK János,USSR-grúz,USSR-grúz
SARKADI Imre,USSR-grúz,USSR-grúz
RADÓ Sándor,USSR-grúz,USSR-grúz
HIDAS Antal,USSR-grúz,USSR-kazah
NAGY Sándor,USSR-grúz,USSR-kazah
RADÓ Sándor,USSR-grúz,USSR-kazah
MOLNÁR Géza,USSR-grúz,USSR-lett
BERKESI András,USSR-grúz,USSR-lett
FÖLDEÁK János,USSR-grúz,USSR-lett
RADÓ Sándor,USSR-grúz,USSR-lett
MOLNÁR Géza,USSR-grúz,USSR-litván
BERKESI András,USSR-grúz,USSR-litván
FÖLDEÁK János,USSR-grúz,USSR-litván
RADÓ Sándor,USSR-grúz,USSR-litván
NAGY Sándor,USSR-grúz,USSR-moldva
RADÓ Sándor,USSR-grúz,USSR-moldva
HIDAS Antal,USSR-grúz,USSR-orosz
MOLNÁR Géza,USSR-grúz,USSR-orosz
NAGY Sándor,USSR-grúz,USSR-orosz
BERKESI András,USSR-grúz,USSR-orosz
FÖLDEÁK János,USSR-grúz,USSR-orosz
SARKADI Imre,USSR-grúz,USSR-orosz
SARKADI Imre,USSR-grúz,USSR-tadzsik
RADÓ Sándor,USSR-grúz,USSR-tadzsik
RADÓ Sándor,USSR-grúz,USSR-türkmén
NAGY Sándor,USSR-grúz,USSR-udmurt
HIDAS Antal,USSR-grúz,USSR-ukrán
BERKESI András,USSR-grúz,USSR-ukrán
RADÓ Sándor,USSR-grúz,USSR-ukrán
MOLNÁR Géza,USSR-grúz,USSR-észt
SARKADI Imre,USSR-grúz,USSR-észt
MOLNÁR Géza,USSR-grúz,USSR-örmény
BERKESI András,USSR-grúz,USSR-örmény
RADÓ Sándor,USSR-grúz,USSR-örmény
BERKESI András,USSR-grúz,USSR-üzbég
ZALKA Máté,USSR-kazah,USSR-kazah
NAGY Sándor,USSR-kazah,USSR-kazah
HIDAS Antal,USSR-kazah,USSR-kazah
RADÓ Sándor,USSR-kazah,USSR-kazah
TATAY Sándor,USSR-kazah,USSR-kazah
ZALKA Máté,USSR-kazah,USSR-kirgiz
TATAY Sándor,USSR-kazah,USSR-kirgiz
ZALKA Máté,USSR-kazah,USSR-lett
RADÓ Sándor,USSR-kazah,USSR-lett
ZALKA Máté,USSR-kazah,USSR-litván
RADÓ Sándor,USSR-kazah,USSR-litván
TATAY Sándor,USSR-kazah,USSR-litván
ZALKA Máté,USSR-kazah,USSR-moldva
NAGY Sándor,USSR-kazah,USSR-moldva
RADÓ Sándor,USSR-kazah,USSR-moldva
ZALKA Máté,USSR-kazah,USSR-orosz
NAGY Sándor,USSR-kazah,USSR-orosz
HIDAS Antal,USSR-kazah,USSR-orosz
TATAY Sándor,USSR-kazah,USSR-orosz
RADÓ Sándor,USSR-kazah,USSR-tadzsik
RADÓ Sándor,USSR-kazah,USSR-türkmén
NAGY Sándor,USSR-kazah,USSR-udmurt
ZALKA Máté,USSR-kazah,USSR-ukrán
HIDAS Antal,USSR-kazah,USSR-ukrán
RADÓ Sándor,USSR-kazah,USSR-ukrán
TATAY Sándor,USSR-kazah,USSR-ukrán
ZALKA Máté,USSR-kazah,USSR-észt
TATAY Sándor,USSR-kazah,USSR-észt
RADÓ Sándor,USSR-kazah,USSR-örmény
TATAY Sándor,USSR-kazah,USSR-örmény
ZALKA Máté,USSR-kirgiz,USSR-kirgiz
TATAY Sándor,USSR-kirgiz,USSR-kirgiz
ZALKA Máté,USSR-kirgiz,USSR-lett
ZALKA Máté,USSR-kirgiz,USSR-litván
TATAY Sándor,USSR-kirgiz,USSR-litván
ZALKA Máté,USSR-kirgiz,USSR-moldva
ZALKA Máté,USSR-kirgiz,USSR-orosz
TATAY Sándor,USSR-kirgiz,USSR-orosz
ZALKA Máté,USSR-kirgiz,USSR-ukrán
TATAY Sándor,USSR-kirgiz,USSR-ukrán
ZALKA Máté,USSR-kirgiz,USSR-észt
TATAY Sándor,USSR-kirgiz,USSR-észt
TATAY Sándor,USSR-kirgiz,USSR-örmény
MOLNÁR Géza,USSR-lett,USSR-lett
THURY Zsuzsa,USSR-lett,USSR-lett
FEKETE Gyula,USSR-lett,USSR-lett
ZÁGONI Ferenc,USSR-lett,USSR-lett
RADÓ Sándor,USSR-lett,USSR-lett
BERKESI András,USSR-lett,USSR-lett
BENJÁMIN László,USSR-lett,USSR-lett
DÁNIEL Anna,USSR-lett,USSR-lett
ZALKA Máté,USSR-lett,USSR-lett
FÖLDEÁK János,USSR-lett,USSR-lett
MOLNÁR Géza,USSR-lett,USSR-litván
RADÓ Sándor,USSR-lett,USSR-litván
BERKESI András,USSR-lett,USSR-litván
ZALKA Máté,USSR-lett,USSR-litván
FÖLDEÁK János,USSR-lett,USSR-litván
RADÓ Sándor,USSR-lett,USSR-moldva
ZALKA Máté,USSR-lett,USSR-moldva
MOLNÁR Géza,USSR-lett,USSR-orosz
THURY Zsuzsa,USSR-lett,USSR-orosz
FEKETE Gyula,USSR-lett,USSR-orosz
ZÁGONI Ferenc,USSR-lett,USSR-orosz
BERKESI András,USSR-lett,USSR-orosz
BENJÁMIN László,USSR-lett,USSR-orosz
ZALKA Máté,USSR-lett,USSR-orosz
FÖLDEÁK János,USSR-lett,USSR-orosz
RADÓ Sándor,USSR-lett,USSR-tadzsik
RADÓ Sándor,USSR-lett,USSR-türkmén
THURY Zsuzsa,USSR-lett,USSR-ukrán
RADÓ Sándor,USSR-lett,USSR-ukrán
BERKESI András,USSR-lett,USSR-ukrán
ZALKA Máté,USSR-lett,USSR-ukrán
MOLNÁR Géza,USSR-lett,USSR-észt
ZALKA Máté,USSR-lett,USSR-észt
MOLNÁR Géza,USSR-lett,USSR-örmény
RADÓ Sándor,USSR-lett,USSR-örmény
BERKESI András,USSR-lett,USSR-örmény
BERKESI András,USSR-lett,USSR-üzbég
ZALKA Máté,USSR-litván,USSR-litván
KŐSZEGI Imre,USSR-litván,USSR-litván
MOLNÁR Géza,USSR-litván,USSR-litván
TATAY Sándor,USSR-litván,USSR-litván
KASSAI Ferenc,USSR-litván,USSR-litván
RADÓ Sándor,USSR-litván,USSR-litván
GÁL György Sándor,USSR-litván,USSR-litván
VIDOR Miklós,USSR-litván,USSR-litván
Falus György; József Gábor,USSR-litván,USSR-litván
GERGELY Mihály,USSR-litván,USSR-litván
BERKESI András,USSR-litván,USSR-litván
FÖLDEÁK János,USSR-litván,USSR-litván
ÖRSI Ferenc,USSR-litván,USSR-litván
ZALKA Máté,USSR-litván,USSR-moldva
RADÓ Sándor,USSR-litván,USSR-moldva
ZALKA Máté,USSR-litván,USSR-orosz
KŐSZEGI Imre,USSR-litván,USSR-orosz
MOLNÁR Géza,USSR-litván,USSR-orosz
TATAY Sándor,USSR-litván,USSR-orosz
GÁL György Sándor,USSR-litván,USSR-orosz
BERKESI András,USSR-litván,USSR-orosz
FÖLDEÁK János,USSR-litván,USSR-orosz
RADÓ Sándor,USSR-litván,USSR-tadzsik
RADÓ Sándor,USSR-litván,USSR-türkmén
ZALKA Máté,USSR-litván,USSR-ukrán
KŐSZEGI Imre,USSR-litván,USSR-ukrán
TATAY Sándor,USSR-litván,USSR-ukrán
RADÓ Sándor,USSR-litván,USSR-ukrán
BERKESI András,USSR-litván,USSR-ukrán
ZALKA Máté,USSR-litván,USSR-észt
KŐSZEGI Imre,USSR-litván,USSR-észt
MOLNÁR Géza,USSR-litván,USSR-észt
TATAY Sándor,USSR-litván,USSR-észt
MOLNÁR Géza,USSR-litván,USSR-örmény
TATAY Sándor,USSR-litván,USSR-örmény
RADÓ Sándor,USSR-litván,USSR-örmény
BERKESI András,USSR-litván,USSR-örmény
BERKESI András,USSR-litván,USSR-üzbég
ZALKA Máté,USSR-moldva,USSR-moldva
NAGY Sándor,USSR-moldva,USSR-moldva
KÁNTOR Zsuzsa,USSR-moldva,USSR-moldva
RADÓ Sándor,USSR-moldva,USSR-moldva
ZALKA Máté,USSR-moldva,USSR-orosz
NAGY Sándor,USSR-moldva,USSR-orosz
KÁNTOR Zsuzsa,USSR-moldva,USSR-orosz
RADÓ Sándor,USSR-moldva,USSR-tadzsik
RADÓ Sándor,USSR-moldva,USSR-türkmén
NAGY Sándor,USSR-moldva,USSR-udmurt
ZALKA Máté,USSR-moldva,USSR-ukrán
KÁNTOR Zsuzsa,USSR-moldva,USSR-ukrán
RADÓ Sándor,USSR-moldva,USSR-ukrán
ZALKA Máté,USSR-moldva,USSR-észt
RADÓ Sándor,USSR-moldva,USSR-örmény
HIDAS Antal,USSR-orosz,USSR-orosz
MÁNDI Éva,USSR-orosz,USSR-orosz
NAGY Sándor,USSR-orosz,USSR-orosz
TÁNCSICS Mihály,USSR-orosz,USSR-orosz
URBÁN Ernő,USSR-orosz,USSR-orosz
ZALKA Máté,USSR-orosz,USSR-orosz
SÁNDOR Kálmán,USSR-orosz,USSR-orosz
TOLNAI Lajos,USSR-orosz,USSR-orosz
PALOTAI Boris,USSR-orosz,USSR-orosz
THURY Zsuzsa,USSR-orosz,USSR-orosz
TÖMÖRKÉNY István,USSR-orosz,USSR-orosz
BARABÁS Tibor,USSR-orosz,USSR-orosz
ORAVECZ Paula,USSR-orosz,USSR-orosz
FÖLDI Lajos,USSR-orosz,USSR-orosz
GODA Gábor,USSR-orosz,USSR-orosz
KÁLLAI István,USSR-orosz,USSR-orosz
MADARÁSZ Emil,USSR-orosz,USSR-orosz
BERKESI András,USSR-orosz,USSR-orosz
FODOR József,USSR-orosz,USSR-orosz
GERGELY Sándor,USSR-orosz,USSR-orosz
JUHÁSZ Gyula,USSR-orosz,USSR-orosz
SIMON István,USSR-orosz,USSR-orosz
TRENCSÉNYI WALDAPFEL Imre,USSR-orosz,USSR-orosz
BALLA László,USSR-orosz,USSR-orosz
KARIKÁS Frigyes,USSR-orosz,USSR-orosz
MOLNÁR Géza,USSR-orosz,USSR-orosz
KŐSZEGI Imre,USSR-orosz,USSR-orosz
TATAY Sándor,USSR-orosz,USSR-orosz
ÁRKUS József,USSR-orosz,USSR-orosz
BERKESI András−KARDOS György,USSR-orosz,USSR-orosz
GALAMBOS Lajos,USSR-orosz,USSR-orosz
HORVÁTH Zsóka,USSR-orosz,USSR-orosz
KOVÁCS Vilmos,USSR-orosz,USSR-orosz
SARKADI Imre,USSR-orosz,USSR-orosz
FEKETE Gyula,USSR-orosz,USSR-orosz
SZABÓ Miklós,USSR-orosz,USSR-orosz
KROÓ László,USSR-orosz,USSR-orosz
CSILLIK Gábor,USSR-orosz,USSR-orosz
EGRI Viktor,USSR-orosz,USSR-orosz
SZILVÁSI Lajos,USSR-orosz,USSR-orosz
FÜLÖP János,USSR-orosz,USSR-orosz
ZÁGONI Ferenc,USSR-orosz,USSR-orosz
FÁBIÁN Zoltán,USSR-orosz,USSR-orosz
GARAI Gábor,USSR-orosz,USSR-orosz
MOCSÁR Gábor,USSR-orosz,USSR-orosz
FÖLDES Péter,USSR-orosz,USSR-orosz
THIERY Árpád,USSR-orosz,USSR-orosz
FÖLDEÁK János,USSR-orosz,USSR-orosz
FÖLDES Mihály,USSR-orosz,USSR-orosz
HÁRS László,USSR-orosz,USSR-orosz
BENJÁMIN László,USSR-orosz,USSR-orosz
POGONYI Antal,USSR-orosz,USSR-orosz
ÚJVÁRI Imre László,USSR-orosz,USSR-orosz
DOBOZY Imre,USSR-orosz,USSR-orosz
KÁNTOR Zsuzsa,USSR-orosz,USSR-orosz
CSÁK Gyula,USSR-orosz,USSR-orosz
KAFFKA Margit,USSR-orosz,USSR-orosz
Mág Bertalan,USSR-orosz,USSR-orosz
BERTHA Bulcsu,USSR-orosz,USSR-orosz
EÖTVÖS József,USSR-orosz,USSR-orosz
KOVÁCS Jenő,USSR-orosz,USSR-orosz
ZALKA Miklós,USSR-orosz,USSR-orosz
CSUKÁS István,USSR-orosz,USSR-orosz
"TOLNAY Lajos, GÁBOR Andor",USSR-orosz,USSR-orosz
JÓZSEF Attila; Majakovskij Vladimir Vladimirovič,USSR-orosz,USSR-orosz
GÁL György Sándor,USSR-orosz,USSR-orosz
PETROVÁCZ István,USSR-orosz,USSR-orosz
RAFFAI Sarolta,USSR-orosz,USSR-orosz
Ujhelyi János,USSR-orosz,USSR-orosz
ADY Endre; JÓZSEF Attila,USSR-orosz,USSR-orosz
GÁLL István,USSR-orosz,USSR-orosz
László-Bencsik Sándor,USSR-orosz,USSR-orosz
Fekete Gyula; Sánta Ferenc; Sarkadi Imre,USSR-orosz,USSR-orosz
VERESS Miklós,USSR-orosz,USSR-orosz
Falus György; József Gábor; Nemere István,USSR-orosz,USSR-orosz
TAMÁSI Áron,USSR-orosz,USSR-orosz
JÓKAI Anna,USSR-orosz,USSR-orosz
Kálmán Vera,USSR-orosz,USSR-orosz
KATONA József,USSR-orosz,USSR-orosz
SARKADI Imre,USSR-orosz,USSR-tadzsik
NAGY Sándor,USSR-orosz,USSR-udmurt
HIDAS Antal,USSR-orosz,USSR-ukrán
ZALKA Máté,USSR-orosz,USSR-ukrán
THURY Zsuzsa,USSR-orosz,USSR-ukrán
BERKESI András,USSR-orosz,USSR-ukrán
BALLA László,USSR-orosz,USSR-ukrán
KŐSZEGI Imre,USSR-orosz,USSR-ukrán
TATAY Sándor,USSR-orosz,USSR-ukrán
BERKESI András−KARDOS György,USSR-orosz,USSR-ukrán
KROÓ László,USSR-orosz,USSR-ukrán
HÁRS László,USSR-orosz,USSR-ukrán
DOBOZY Imre,USSR-orosz,USSR-ukrán
KÁNTOR Zsuzsa,USSR-orosz,USSR-ukrán
BERTHA Bulcsu,USSR-orosz,USSR-ukrán
CSUKÁS István,USSR-orosz,USSR-ukrán
PETROVÁCZ István,USSR-orosz,USSR-ukrán
JÓKAI Anna,USSR-orosz,USSR-ukrán
ZALKA Máté,USSR-orosz,USSR-észt
MOLNÁR Géza,USSR-orosz,USSR-észt
KŐSZEGI Imre,USSR-orosz,USSR-észt
TATAY Sándor,USSR-orosz,USSR-észt
SARKADI Imre,USSR-orosz,USSR-észt
TAMÁSI Áron,USSR-orosz,USSR-észt
BERKESI András,USSR-orosz,USSR-örmény
MOLNÁR Géza,USSR-orosz,USSR-örmény
TATAY Sándor,USSR-orosz,USSR-örmény
SZILVÁSI Lajos,USSR-orosz,USSR-örmény
HÁRS László,USSR-orosz,USSR-örmény
PETROVÁCZ István,USSR-orosz,USSR-örmény
URBÁN Ernő,USSR-orosz,USSR-üzbég
BERKESI András,USSR-orosz,USSR-üzbég
GODA Gábor,USSR-orosz,Yugoslavia
KAFFKA Margit,USSR-orosz,Yugoslavia
TAMÁSI Áron,USSR-orosz,Yugoslavia
JÓKAI Anna,USSR-orosz,Yugoslavia
GYŐRI M.,USSR-tadzsik,USSR-tadzsik
RADÓ Sándor,USSR-tadzsik,USSR-tadzsik
SARKADI Imre,USSR-tadzsik,USSR-tadzsik
RADÓ Sándor,USSR-tadzsik,USSR-türkmén
RADÓ Sándor,USSR-tadzsik,USSR-ukrán
SARKADI Imre,USSR-tadzsik,USSR-észt
RADÓ Sándor,USSR-tadzsik,USSR-örmény
RADÓ Sándor,USSR-türkmén,USSR-türkmén
RADÓ Sándor,USSR-türkmén,USSR-ukrán
RADÓ Sándor,USSR-türkmén,USSR-örmény
NAGY Sándor,USSR-udmurt,USSR-udmurt
BALLA László,USSR-ukrán,USSR-ukrán
BERKESI András,USSR-ukrán,USSR-ukrán
BIHARI Klára,USSR-ukrán,USSR-ukrán
THURZÓ Gábor,USSR-ukrán,USSR-ukrán
KROÓ László,USSR-ukrán,USSR-ukrán
TATAY Sándor,USSR-ukrán,USSR-ukrán
BERKESI András−KARDOS György,USSR-ukrán,USSR-ukrán
KŐSZEGI Imre,USSR-ukrán,USSR-ukrán
THURY Zsuzsa,USSR-ukrán,USSR-ukrán
HIDAS Antal,USSR-ukrán,USSR-ukrán
PETROVÁCZ István,USSR-ukrán,USSR-ukrán
RADÓ Sándor,USSR-ukrán,USSR-ukrán
ZALKA Máté,USSR-ukrán,USSR-ukrán
DOBOZY Imre,USSR-ukrán,USSR-ukrán
KÁNTOR Zsuzsa,USSR-ukrán,USSR-ukrán
CSUKÁS István,USSR-ukrán,USSR-ukrán
Balla Károly,USSR-ukrán,USSR-ukrán
JÓKAI Anna,USSR-ukrán,USSR-ukrán
KISS Dénes,USSR-ukrán,USSR-ukrán
Lux Alfréd,USSR-ukrán,USSR-ukrán
BERTHA Bulcsu,USSR-ukrán,USSR-ukrán
ILKU Pál,USSR-ukrán,USSR-ukrán
HÁRS László,USSR-ukrán,USSR-ukrán
TATAY Sándor,USSR-ukrán,USSR-észt
KŐSZEGI Imre,USSR-ukrán,USSR-észt
ZALKA Máté,USSR-ukrán,USSR-észt
BERKESI András,USSR-ukrán,USSR-örmény
TATAY Sándor,USSR-ukrán,USSR-örmény
PETROVÁCZ István,USSR-ukrán,USSR-örmény
RADÓ Sándor,USSR-ukrán,USSR-örmény
HÁRS László,USSR-ukrán,USSR-örmény
BERKESI András,USSR-ukrán,USSR-üzbég
JÓKAI Anna,USSR-ukrán,Yugoslavia
ZALKA Máté,USSR-észt,USSR-észt
SARKADI Imre,USSR-észt,USSR-észt
KŐSZEGI Imre,USSR-észt,USSR-észt
MOLNÁR Géza,USSR-észt,USSR-észt
TATAY Sándor,USSR-észt,USSR-észt
TAMÁSI Áron,USSR-észt,USSR-észt
Sükösd Mihály,USSR-észt,USSR-észt
Csalog Zsolt,USSR-észt,USSR-észt
Zalka Máté,USSR-észt,USSR-észt
MOLNÁR Géza,USSR-észt,USSR-örmény
TATAY Sándor,USSR-észt,USSR-örmény
Zalka Máté,USSR-észt,USSR-üzbég
TAMÁSI Áron,USSR-észt,Yugoslavia
MOLNÁR Géza,USSR-örmény,USSR-örmény
BERKESI András,USSR-örmény,USSR-örmény
SZILVÁSI Lajos,USSR-örmény,USSR-örmény
PETROVÁCZ István,USSR-örmény,USSR-örmény
RADÓ Sándor,USSR-örmény,USSR-örmény
HÁRS László,USSR-örmény,USSR-örmény
TATAY Sándor,USSR-örmény,USSR-örmény
BERKESI András,USSR-örmény,USSR-üzbég
URBÁN Ernő,USSR-üzbég,USSR-üzbég
BERKESI András,USSR-üzbég,USSR-üzbég
Zalka Máté,USSR-üzbég,USSR-üzbég
GODA Gábor,Yugoslavia,Yugoslavia
KOLOZSVÁRI GRANDPIERRE Emil,Yugoslavia,Yugoslavia
TAMÁSI Áron,Yugoslavia,Yugoslavia
GÁL György Sándor−SOMOGYI Vilmos,Yugoslavia,Yugoslavia
GION Nándor,Yugoslavia,Yugoslavia
KAFFKA Margit,Yugoslavia,Yugoslavia
JÓKAI Anna,Yugoslavia,Yugoslavia
DOBAI Péter,Yugoslavia,Yugoslavia
