szerzo,count 1,wiki,jegyzet
ABA Ádám,1,,"NA
recenzió azt mondja nyilván álnév. 
ELVI KÉRDÉS: neki nem kellene a szerzők között előkerülnie, mert ő a kötet szerkesztője-forditója"
ABÁDI Péter,1,,NA
ÁBEL Péter,1,https://www.wikidata.org/wiki/Q12738797,
ABET János,2,,NA
ABONYI Árpád,1,https://www.wikidata.org/wiki/Q279011,
ÁBRAHÁM Ernő,2,https://www.wikidata.org/wiki/Q239250,
ÁBRÁNYI Emil,48,https://www.wikidata.org/wiki/Q324159,
ÁBRÁNYI Kornél,4,https://www.wikidata.org/wiki/Q323673,
ÁCS Károly,7,https://www.wikidata.org/wiki/Q1415692,
ÁCS Kató,1,https://www.wikidata.org/wiki/Q19702881,
ACZÉL Tamás,40,https://www.wikidata.org/wiki/Q482075,
ADORJÁN Boldizsár,2,https://www.wikidata.org/wiki/Q505445,
ADY Endre,6045,https://www.wikidata.org/wiki/Q211392,
ÁGH István,6,https://www.wikidata.org/wiki/Q519343,
ALADÁR László,1,,"RESOLVE 
ALADÁR László helyett LÁSZLÓ Aladár"
ALFÖLDI Imre,1,,NA
ALTAY Margit,1,https://www.wikidata.org/wiki/Q257037,
AMADÉ László,8,https://www.wikidata.org/wiki/Q685919,
AMBRÓZY Ágoston,2,https://www.wikidata.org/wiki/Q527140,
AMBRUS Zoltán,35,https://www.wikidata.org/wiki/Q373131,
ANDRÁSSY Béla,2,https://www.wikidata.org/wiki/Q768806,
ANKA János,2,https://www.wikidata.org/wiki/Q770688,
ANONYMUS,1,https://www.wikidata.org/wiki/Q567639,
ÁNYOS Pál,15,https://www.wikidata.org/wiki/Q519231,
APÁCZAI Csere János,1,https://www.wikidata.org/wiki/Q774310,
APÁTHY István,3,https://www.wikidata.org/wiki/Q774381,
APÁTI Ferenc,3,https://www.wikidata.org/wiki/Q774376,
APLIN A.,1,,NA
ÁPRILY Lajos,167,https://www.wikidata.org/wiki/Q374759,
ARADI Victor,2,https://www.wikidata.org/wiki/Q774736,
ARADI Zsolt,2,https://www.wikidata.org/wiki/Q19703132,
ARANY János,1211,https://www.wikidata.org/wiki/Q316556,
ARANY László,2,https://www.wikidata.org/wiki/Q257586,
ARANYOSI Magda,1,https://www.wikidata.org/wiki/Q775895,"RESOLVE
Aranyossy és Aranyosi összevonandóak"
ARANYOSSY Magda,2,,RESOLVE
ARATÓ Erzsébet,1,,NA
ARATÓ Károly,3,https://www.wikidata.org/wiki/Q12731762,
ÁRKUS József,1,https://www.wikidata.org/wiki/Q1470028,
ARNOLD Füry Lajos,1,,"RESOLVE 
név gyanús: nem csak Füry Lajos? "
ÁRVAY,1,,DELETE
ÁRVAY Sándor,2,,NA
ÁSGUTHY Erzsébet,1,https://www.wikidata.org/wiki/Q923448,
ASZLÁNYI Károly,5,https://www.wikidata.org/wiki/Q779476,
ASZTALOS István,101,https://www.wikidata.org/wiki/Q779620,
ASZTALOS Sándor,2,https://www.wikidata.org/wiki/Q779644,
B. RADÓ Lili,2,https://www.wikidata.org/wiki/Q83631412,
BABAY József,5,https://www.wikidata.org/wiki/Q787838,
BABITS Mihály,471,https://www.wikidata.org/wiki/Q332482,
BAGHY Gyula,107,https://www.wikidata.org/wiki/Q12773,
BAJA Mihály,1,,"nincs wiki
1879-1957"
BAJZA József,50,https://www.wikidata.org/wiki/Q541054,
BAKUCZ József,10,https://www.wikidata.org/wiki/Q789086,
BALASSA Ilona,4,,
BALASSA Imre,1,,
BALASSI Bálint,113,https://www.wikidata.org/wiki/Q379599,
BALÁZS Ákos,1,,
BALÁZS Anna,14,https://www.wikidata.org/wiki/Q15073449,
BALÁZS Béla,128,https://www.wikidata.org/wiki/Q469963,
BALÁZS István,1,,
BALÁZS József,1,,
BALÁZS S.,1,,
BALÁZS Sándor,9,,
BÁLINT György,37,https://www.wikidata.org/wiki/Q852792,
BÁLINT István,1,,
BÁLINT Tibor,5,,
BALLA Borisz,2,,
BALLA Ignác,10,https://www.wikidata.org/wiki/Q789426,
BALLA László,136,https://www.wikidata.org/wiki/Q789442,
BALÓ Tasziló,3,,
BALOG Lajos (vasadi),1,,
BALOGH Barna,12,https://www.wikidata.org/wiki/Q73035458,
BALOGH Edgár,2,,
BALOGH László,1,,
BALOGH Zoltán,7,,
BALYA Ibolyka,1,,
BÁN Aladár,1,,
BÁNFFY Miklós,4,,
BANGÓ Pető,2,,
BÁNYAI Kornél,1,,
BARABÁS Gyula,3,,
BARABÁS Pál,5,,
BARABÁS Tibor,6,,
BÁRÁNY Tamás,6,,
BARANYI Ferenc,12,https://www.wikidata.org/wiki/Q790243,
BARÁT Endre,2,,
BARÁT Lajos,1,,
BARÁTH György,1,,
BARÁTH Lajos,7,,
BARCSAY Ábrahám,7,,
BÁRD Miklós,7,,
BÁRD Oszkár,3,,
BÁRDOS László,2,,
BÁRDOSI Németh László,1,,
BARÉNYI Olga,3,,
BARI Károly,9,,
BARKOVICS István,1,,
BARNA Ignácz,1,,
BARNA Izidor,1,,
BARNA J.,6,,
BARÓTI SZABÓ Dávid,9,,
BÁRSONY István,27,https://www.wikidata.org/wiki/Q331431,
BARSY Irma,1,,
BARTA Lajos,29,https://www.wikidata.org/wiki/Q790836,
BARTA Lajos idősb,6,,
BARTA Lajos ifj. (Erich Barlud álnévvel),3,,
BARTA Sándor,12,https://www.wikidata.org/wiki/Q793776,
BARTALIS János,81,https://www.wikidata.org/wiki/Q790870,
BARTÓK Lajos,75,https://www.wikidata.org/wiki/Q791040,
BARTÓKI József,1,,
BÁTHORY Nándorné,1,,
BATIZI András (1540.),1,,
BÁTORI Miklós,1,,
BATSÁNYI János,46,https://www.wikidata.org/wiki/Q572397,
BATTHYÁNY Lajos gróf,1,,
BATTHYÁNY-TREFORT Edith,1,,
BECK Blanka,2,,
BECSKY Irén,1,,
BECZÁSSY Judit,1,,
BEDE Anna,5,,
BEDE Jób,1,,
BÉKEFFI István,1,,
BÉKÉS Sándor,1,,
BÉKÉS Virág,2,,
BÉKESSY János,19,https://www.wikidata.org/wiki/Q216135,"nem világos hogy magyarul irt volna bármit. Hárman a határon át c. regénye magyarul 1937-ben németből lett forditva. 
Szerintem ki kell venni az adatbázisunkból."
BELLA István,1,,
BENCZE Jenő,1,,
BENCZUR László,2,,
BENEDEK Elek,17,https://www.wikidata.org/wiki/Q521014,
BENEDEK István,5,,
BENEDEK Marcell,1,,
BENICZKY Péter,7,,
BENICZKYNÉ BAJZA Lenke,16,https://www.wikidata.org/wiki/Q792910,
BENJÁMIN Ferenc,5,,
BENJÁMIN László,203,https://www.wikidata.org/wiki/Q792954,
BENŐFI Sámuel,2,,
BEÖTHY László,1,,
BEÖTHY Zsigmond,3,,
BEÖTHY Zsolt,4,,
BERCZELLI A. Károly,1,,
BERCZIK Árpád,13,https://www.wikidata.org/wiki/Q645997,
BÉRCZY Károly,4,,
BERDA József,19,https://www.wikidata.org/wiki/Q793229,
BERDE Mária,9,,
BERECZ Károly,2,,
BEREMÉNYI Géza,2,,
BEREND Miklósné,2,,
BÉRES Attila,2,,
BÉRI Zsigmond,1,,
BERKES Imre,1,,
BERKES Péter,5,,
BERKESI András,29,https://www.wikidata.org/wiki/Q793532,
BERNÁTH Aurél,1,,
BERNÁTH Gáspár,9,,
BERTA Ilona,1,,
BERTALAN István,5,,
BERTHA Bulcsu,12,https://www.wikidata.org/wiki/Q793776,
BERZEVICZY Albert,1,,
BERZSENYI Dániel,154,https://www.wikidata.org/wiki/Q721991,
BESSENYEI György,7,,
BETHLEN (Árva) Kata,1,,
BETHLEN Margit,14,https://www.wikidata.org/wiki/Q101003464,
BETHLEN Miklós,1,,
BETLEN Oszkár,1,,
BEZERÉDY Amália,1,,
BIBÓ Lajos,8,,
BIHARI Klára,2,,
BIHARI Sándor,7,,
BIKICH Gábor,3,,
BIRKÁS Endre,1,,
BÍRÓ Lajos,52,https://www.wikidata.org/wiki/Q256054,
BÍRÓ Zoltán (Gelsei),2,,
BLASKÓ Mária,2,,
BOBULA Ida,2,,
BODA István,1,,
BODÁS János,1,,
BODONYI Nándor,1,,
BODOR Ádám,1,,
BODOR Aladár,2,,
BODROG Miklós,3,,
BODROGI Sándor,3,,
BODROGI Zsigmond,2,,
BOHUNICZKY Szofi,1,,
BÓKA László,13,https://www.wikidata.org/wiki/Q854908,
BÓKAY János,20,https://www.wikidata.org/wiki/Q331428,
BOLDIZSÁR Iván,7,,
BÖLÖNYI György,1,,
BÓNYI Adorján,3,,
BOR Ambrus,1,,
BORBÉLY László,2,,
BORDA Gábor,1,,
"BORGOMANERI, Aldo",1,,
BORNEMISZA Péter,11,https://www.wikidata.org/wiki/Q835071,
BOROS Éva,1,,
BOROSS Mihály,1,,
BOROSS Vilmos,5,,
BOROSTYÁNI Nándor,3,,
BORSHY KEREKES György,2,,
BORSI KEREKES György,1,,
BORSY Irma K.,1,,
BORUTH Elemér,2,,
BOTOND-BOLICS György,3,,
BOWRING John,1,,
BOZZAY Pál,4,,
BRODARICS István,1,,
BRÓDY László,1,,
BRÓDY Lilly,3,,
BRÓDY Sándor,53,https://www.wikidata.org/wiki/Q738786,
BRUNSWICK Teréz grófnő,1,,
BUCZI Emil,8,,
BUDA Ferenc,7,,
BUDAY György,3,,
BULLA János,4,,
BÚS FEKETE László,9,,
BÜTTNER Júlia,1,,
BUZÁS Andor,1,,
"CANNINI, Marco Antonio",2,,
CHOLNOKY Géza,2,,
CHOLNOKY László,2,,
CHOLNOKY Viktor,4,,
CS. SZABÓ László,12,https://www.wikidata.org/wiki/Q260910,
CSÁK Gyula,1,,
CSÁKTORNYAI Lajos,3,,
CSANÁDI Imre,35,https://www.wikidata.org/wiki/Q870578,
CSANÁDI János,1,,
CSÁNYI,1,,
CSAPÓ György,2,,
CSÁSZÁR Elemér,1,,
CSÁSZÁR Ferenc,5,,
CSÁSZÁR István,2,,
CSÁTH Géza,10,https://www.wikidata.org/wiki/Q469956,
CSATHÓ Kálmán,33,https://www.wikidata.org/wiki/Q535470,
CSÁTI Demeter,4,,
CSENGERY Gusztáv,3,,
CSENGEY Gusztáv,1,,
CSEPELI SZABÓ Béla,1,,
CSEPREGHY Ferenc,3,,
CSERES Tibor,13,https://www.wikidata.org/wiki/Q871873,
CSERHALMI Imre,1,,
CSERMELY Gyula,2,,
CSERMELYI Sándor,1,,
CSERNAI Zoltán,3,,
CSETÉNYI Erzsi,1,,
CSIGHY Sándor,1,,
CSIKI László,3,,
CSIKY Gergely,35,https://www.wikidata.org/wiki/Q166952,
CSILLIK Gábor,1,,
CSIZMADIA Sándor,9,,
CSOHÁNY Gabriella,1,,
CSOKITS János,2,,
CSOKONAI VITÉZ Mihály,138,https://www.wikidata.org/wiki/Q713545,
CSOKOR Ferenc,1,,
CSONTOS Gábor,1,,
CSOÓRI Sándor,113,https://www.wikidata.org/wiki/Q874588,
CSORBA Győző,22,https://www.wikidata.org/wiki/Q598663,
CSÖRSZ István,1,,
CSUKA Edit,1,,
CSUKA Zoltán,63,https://www.wikidata.org/wiki/Q874660,
CSUKÁS István,4,,
CSURKA István,30,https://www.wikidata.org/wiki/Q721791,
CUENDET Alice,1,,
CZANYUGA Jozsef,1,,
CZIFFRA Géza,2,,
CZIGÁNY György,7,,
CZINKE Ferencz,1,,
CZIRÁKY Imre,1,,
CZÓBEL Minka,27,https://www.wikidata.org/wiki/Q900169,
CZOBOR Cornélia,1,,
CZUCZOR Gergely,45,https://www.wikidata.org/wiki/Q832703,
DALHY János,1,,
DALLOS Sándor,10,https://www.wikidata.org/wiki/Q250073,
DALMADY Győző,7,,
DÁN György,1,,
DÁN Leo (D'Amant),1,,
DÁNÉR Lajos,1,,
DARÁZS Endre,2,,
DARMAY Viktor,2,,
DARVAS József,43,https://www.wikidata.org/wiki/Q902285,
DARVAS Szilárd,6,,
DAYKA Gábor,8,,
DEÁK Ferenc,1,,
DEÁK Mihály (Moldovából),1,,
DEBRECZENI József,30,,"nincs wiki se data se pedia, csak a wikipedian listazva mint letrehozando oldal. Debreczeni József (1905–1978) író, újságíró, műfordító, költő "
DEGRÉ Alajos,5,,
DÉKÁNY András,11,https://www.wikidata.org/wiki/Q912786,
DELI (Thalloczy Lajos),1,,
DEMÉNY Ottó,3,,
DEMETER Imre,1,,
DÉNES Gizella,1,,
DÉRY György,4,,
DÉRY Tibor,304,https://www.wikidata.org/wiki/Q72938,
DETRE László,1,,
DETREHEMY József,2,,
DEVECSERI Gábor,34,https://www.wikidata.org/wiki/Q904578,
DIE EROBERTE,1,,
DIENES Lajos,1,,
DIETL Fedor,1,,
DIVALD Kornél,1,,
DIVINYI Mehmet,1,,
DOBAI Péter,6,,
DOBAY Olga,2,,
DOBLHOFF Lilly,1,,
DOBOZY Imre,63,https://www.wikidata.org/wiki/Q907225,
DÖBRENTEI Gábor,21,https://www.wikidata.org/wiki/Q762556,
DÖBRENTEI Kornél,1,,
DOBROVICH Ágost,1,,
DOCZI József,5,,
DÓCZI Lajos,20,https://www.wikidata.org/wiki/Q238751,Dóczy
DOMOKOS HARAGA Balázs,1,,
DOMONKOS István,10,"https://www.wikidata.org/wiki/Q106282683
https://www.wikidata.org/wiki/Q908434","RESOLVE / SEPARATE
DI 1: 1862-1923. 4532-4536
DI 2: 1940- . 68081-68085"
DÖMÖTÖR Pál,2,,
DORMÁNDY László,6,,
DÓZSA Dániel,1,,
DRASKOCZY JÖRG Ilma,1,,
DSIDA Jenő,18,https://www.wikidata.org/wiki/Q724203,
DUDÁS Kálmán,1,,
DUE LIRE DI NOVELLE,1,,
DUNAI László,1,,
DUTKA Ákos,7,,
DUTKA Mária,1,,
ÉGLY Mihály,2,,
EGRI Lajos,2,,
EGRI Viktor,35,https://www.wikidata.org/wiki/Q14516327,
EGRY Irén,2,,
EGY János,1,,
ELEK Artur,1,,
EMŐD Tamás,9,,
ENDREFFY János,2,,
ENDRŐDI János,5,,
ENDRŐDI Sándor,2,,
ENDRŐDY János,1,,
ENDRŐDY Sándor,119,https://www.wikidata.org/wiki/Q989644,Endrődi Sándor; EndrődYre nincs találat
EÖRSI István,7,,
EÖSZE László,1,,
EÖTVÖS József,117,https://www.wikidata.org/wiki/Q469996,
EÖTVÖS Károly,9,,
ERDEI Ferenc,2,,
ERDÉLYI János,21,https://www.wikidata.org/wiki/Q740596,
ERDÉLYI József,122,https://www.wikidata.org/wiki/Q990264,
ERDŐDY A.,1,,
ERDŐDY János,6,,
ERDŐDY Mihály,3,,
ERDŐS Jenő,1,,
ERDŐS László,1,,
ERDŐS Renée,16,https://www.wikidata.org/wiki/Q549496,
ERDŐSI Károly,1,,
ERKEL Ferenc,1,,
ERZSÉBET Királynő,1,,
FÁBIÁN Béla,1,,
FÁBIÁN Zoltán,32,https://www.wikidata.org/wiki/Q1534803,
FÁBRI Péter,3,,
FALK Zsigmond,4,,
FALU Tamás,11,https://www.wikidata.org/wiki/Q995882,
FALUDI Ferenc,31,https://www.wikidata.org/wiki/Q45121,
FALUDY György,9,,
FANCHALI Jób Ján kódexből,1,,
FARKAS András,1,,
FARKAS Antal,5,,
FARKAS Árpád,4,,
FARKAS Emőd,17,https://www.wikidata.org/wiki/Q28359077,
FARKAS György,1,,
FARKAS Gyula,1,,
FARKAS Imre,8,,
FARKAS Pál,5,,
FÁY András,350,https://www.wikidata.org/wiki/Q4774,
FÁY Ferenc,2,,
FAZEKAS Anna,4,,
FAZEKAS Mihály,22,https://www.wikidata.org/wiki/Q929369,
FEHÉR Ferenc,28,https://www.wikidata.org/wiki/Q997126,
FEHÉR Kálmán,4,,
FEHÉR Klára,39,https://www.wikidata.org/wiki/Q541966,
FEHÉR Lajos,1,,
FEJES Endre,63,https://www.wikidata.org/wiki/Q743198,
FEJTŐ Ferenc,1,,
FEKETE Géza,2,,
FEKETE Gyula,16,https://www.wikidata.org/wiki/Q578065,
FEKETE István,35,https://www.wikidata.org/wiki/Q721759,
FEKETE Lajos,3,,
FEKETE Sándor,1,,
FELEKI László,3,,
FELEKI Sándor,3,,
FELICZIÁN Vilmos,1,,
FENÁKEL Judit,1,,
FENYŐ László,3,,
FERENCZY Teréz,3,,
FILO Károly,8,,
FLÓRIÁN Tibor,3,,
FODOR András,25,https://www.wikidata.org/wiki/Q1002257,
FODOR Béla,1,,
FODOR József,80,https://www.wikidata.org/wiki/Q1002328,
FODOR László,17,https://www.wikidata.org/wiki/Q749590,
FÖLDEÁK János,5,,
FÖLDES Imre,2,,
FÖLDES Jolán,51,https://www.wikidata.org/wiki/Q287773,
FÖLDES Mihály,3,,
FÖLDES Pál,1,,
FÖLDES Péter,3,,
FÖLDES Zoltán,1,,
FÖLDI Lajos,1,,
FÖLDI Mihály,34,https://www.wikidata.org/wiki/Q12814375,
FORBÁTH Imre,1,,
FORBÁTH Sándor,3,,
FORRÓ Pál,3,,
FOTHY János,5,,
FÓTI Andor,2,,
FRANYÓ Zoltán,3,,
FRIEDRICH Lajos,3,,
FÜLÖP Dezső,1,,
FÜLÖP János,6,,
FÜSI József,1,,
FÜST Milán,215,https://www.wikidata.org/wiki/Q721776,
GAAL József,1,,
GAÁL Katalin,3,,
GAAL Mózes,2,,
GAÁL Mózes,5,,
GAÁL Zsigmond,1,,
GÁBOR Andor,124,https://www.wikidata.org/wiki/Q288936,
GÁBOR Zoltán,3,,
GÁDOR Béla,57,https://www.wikidata.org/wiki/Q1030938,
GÁL György Sándor,1,,
GÁL József,4,,
GÁL László,71,,"nincs lap, wikipedia egyértelműsitő lapon ez van: Gál László (1902–1975) – költő, műfordító, lapszerkesztő"
GALABÁRDI Zoltán,6,,
GALAMBOS Lajos,17,https://www.wikidata.org/wiki/Q1007489,
GALAMBOS Margit,1,,
GALAMBOS Szilveszter,2,,
GALGÓCZI Erzsébet,25,https://www.wikidata.org/wiki/Q521149,
GÁLL István,4,,
GÁLYI Gyula,1,,
GARA N. és GARA László,1,,
GARAI,1,,
GARAI Ferenc,1,,
GARAI Gábor,103,https://www.wikidata.org/wiki/Q248715,
GARAI GÁBOR,69,https://www.wikidata.org/wiki/Q248715,
GARAI János,50,https://www.wikidata.org/wiki/Q1008133,
GARAI Norbert,1,,
GARAY János,12,https://www.wikidata.org/wiki/Q4373254,
GÁRDONYI Géza,140,https://www.wikidata.org/wiki/Q221903,
GÁSPÁR Gyula,1,,
GÁSPÁR Imre,3,,
GÁSPÁR Jenő,7,,
GÁSPÁR Kornél,1,,
GÁSPÁR Lóránd,1,,
GÁSPÁR Margit,2,,
GAUTHIER F. E.,1,,
GELLÉRI Andor Endre,80,https://www.wikidata.org/wiki/Q375660,
GELLÉRT Oszkár,45,https://www.wikidata.org/wiki/Q1009000,
GELLÉRT Sándor,2,,
GERA György,3,,
GEREBLYÉS László,19,https://www.wikidata.org/wiki/Q16520018,
GERELY Jolán,1,,
GERELYES Endre,14,https://www.wikidata.org/wiki/Q5472975,
GERENCSÉR Miklós,4,,
GERGEI Albert,1,,
GERGELY Ágnes,6,,
GERGELY Márta,19,https://www.wikidata.org/wiki/Q13852492,
GERGELY Mihály,1,,
GERGELY Miklós,4,,
GERGELY Sándor,94,https://www.wikidata.org/wiki/Q1009775,
GERMANUS Gyula,1,,
GERŐ Attila,2,,
GERŐ János,2,,
GERŐ Katalin,1,,
"GIGANTE, Silvino",4,,
GISELA,1,,
GISZKALAY János,1,,
GODA Gábor,67,https://www.wikidata.org/wiki/Q771532,
GÖMÖRI Berta,1,,
GÖMÖRI György,1,,
GÖMÖRI László,1,,
GONDA Erzsébet,1,,
GÖNDÖCZ Judit,2,,
GÖRGEY Gábor,5,,
GÖRGEY István,1,,
GOTH Sándor,1,,
GOZSDU Elek,3,,
GRAGGER Róbert,2,,
GREGUSS Ágost,16,https://www.wikidata.org/wiki/Q246354,
GULÁCSY Irén (Pálffyné),8,,
GULYÁS Pál,19,https://www.wikidata.org/wiki/Q1028690,
GUTAI Magda,5,,
GVADÁNYI József,4,,
GYAGYOVSZKY Emil,4,,
GYALLAY Domokos,2,,
GYALUI Farkas,4,,
GYÁRFÁS Endre,1,,
GYÁRFÁS Miklós,16,https://www.wikidata.org/wiki/Q1029991,
GYARMATHY Erzsébet,1,,
GYARMATI Erzsébet,2,,
GYARMATI Ferenc,1,,
GYÖKÖSSY Endre,1,,
GYOMAI Imre,2,,
GYÖNGYÖSI István,11,https://www.wikidata.org/wiki/Q856701,
GYÖNGYÖSY Nándor,1,,
GYÓNI Géza,65,https://www.wikidata.org/wiki/Q220273,
GYÖRE Imre,16,https://www.wikidata.org/wiki/Q1030399,
GYÖRFFY Gyula,2,,
GYÖRGY István,2,,
GYÖRGY Máté,1,,
GYÖRGY Oszkár,1,,
GYŐRI Dezső,4,,
GYŐRI Ernő,2,,
GYŐRI György,1,,
GYŐRI Imre,1,,
GYŐRI M.,3,,
GYŐRI Vilmos,10,https://www.wikidata.org/wiki/Q163250,
GYÖRKÉNYI I.,1,,
GYŐRY Dezső,6,,
GYULAI Pál,107,https://www.wikidata.org/wiki/Q898398,
GYURÁTZ Ferenc,2,,
GYURKÓ László,3,,
GYURKOVICS Tibor,2,,
HADIK Etelka,1,,
HAJAS Tibor,4,,
HAJNAL Anna,27,https://www.wikidata.org/wiki/Q1032710,
HAJNAL Gábor,10,https://www.wikidata.org/wiki/Q175809,
HAJNAL László,1,,
HAJNIK Miklós,1,,
HALASI Mária,12,https://www.wikidata.org/wiki/Q1032855,
HALÁSZ Imre,1,,
HALLAMA Erzsébet,1,,
HALLÓSSY Mártha,1,,
HALMOS Ferenc,1,,
HALMOS Pál,1,,
HAMBURGER Jenő,2,,
HÁMORI László,1,,
HÁMORI Ottó,2,,
HÁMOS György,1,,
HAMVAS József,1,,
HAPŠUDA Ignác,1,,
HÁRAI Ferenc,1,,
HARANGINÉ Juhász Antónia,1,,
HARLEZ C. de,1,,
HÁRS György,2,,
HÁRS László,4,,
HARSÁNYI Gréte,1,,
HARSÁNYI Kálmán,7,,
HARSÁNYI Lajos,8,,
HARSÁNYI Zsolt,100,https://www.wikidata.org/wiki/Q227349,
HATÁR Győző,4,,
HATVANY Lajos,12,https://www.wikidata.org/wiki/Q538264,
HATVANY Lilly,2,,
HAVAS István,5,,
HÁY Gyula,59,https://www.wikidata.org/wiki/Q856687,
HEGEDÜS Ádám,7,,
HEGEDŰS Géza,13,https://www.wikidata.org/wiki/Q1034759,
HEGEDÜS Roland,1,,
HEGEDÜS Sándor,9,,
"HEGEDÜS Sándor, ifj.",1,,
HEGEDÜS Zoltán,2,,
HEGYI Endre,2,,
HELFY Ignác,1,,
HELTAI Gáspár,4,,
Heltai Jenő,1,,
HELTAI Jenő,181,https://www.wikidata.org/wiki/Q853226,
HELVEY Lajos,3,,
HERCEG János,25,https://www.wikidata.org/wiki/Q20438224,
HERCZEG Ferenc,340,https://www.wikidata.org/wiki/Q701640,
HERCZEG Géza,1,,
HERNÁDI Gyula,16,https://www.wikidata.org/wiki/Q715147,
HERVAY Gizella,3,,
HETÉNYI E. dr.,1,,
HEVES Ferenc,1,,
HEVESI József,1,,
HEVESI Lajos,6,,
HEVESY András,3,,
HIDAS Antal,754,https://www.wikidata.org/wiki/Q1036137,
HOLLÓ Ernő,1,,
HOLLÓS KORVIN Lajos,7,,
HORGAS Béla,2,,
HORVÁT Henrik,1,,
HORVÁTH Ádám,2,,
HORVÁTH András,1,,
HORVÁTH Attila,2,,
HORVÁTH Béla,9,,
HORVÁTH Etel,1,,
HORVÁTH H. Ferdinánd,1,,
HORVÁTH Imre,12,https://www.wikidata.org/wiki/Q12349222,
HORVÁTH István,7,,
HORVÁTH Janka,2,,
HORVÁTH József,1,,
HORVÁTH Ödön,6,,
HORVÁTH Zoltán Géza,1,,
HORVÁTH Zsóka,2,,
HUBAY Jenő,1,,
HUBAY Miklós,11,https://www.wikidata.org/wiki/Q277639,
HUBER János,1,,
HUNYADY József,6,,
HUNYADY Sándor,35,https://www.wikidata.org/wiki/Q1056533,
HUSZÁHR Owe,1,,
HUSZÁR Jolán,1,,
HUSZÁR Sándor,16,https://www.wikidata.org/wiki/Q1056633,
IGAZY János (pseud.),1,,
IGNÁCZ Rózsa,5,,
IGNOTUS (Hugo Veigelsberg),20,https://www.wikidata.org/wiki/Q216148,
IJJAS Antal,2,,
"ILIEŞIU, Justin",1,,
ILKU Pál,2,,
ILLÉS Béla,496,https://www.wikidata.org/wiki/Q374605,
ILLÉS Endre,37,https://www.wikidata.org/wiki/Q1096476,
ILLÉS Sándor,1,,
ILLÉSY György,1,,
ILLYÉS Gyula,1183,https://www.wikidata.org/wiki/Q381107,
INCZÉDY László,1,,
INDIG Ottó,2,,
IPOLYI Magda,2,,
ISMERETLEN,24,,
ISMERETLEN szerző,2,,
JAKAB István,1,,
JAKAB Ödön,10,https://www.wikidata.org/wiki/Q731856,
JAKUS Imre,5,,
JÁKY Rezső,2,,
JÁMBOR László,2,,
JÁMBOR Pál,19,https://www.wikidata.org/wiki/Q1102370,
JANCSÓ Miklós,1,,
JANIKOVSZKY Éva,4,,
JANKOVICH Ferenc,14,https://www.wikidata.org/wiki/Q1099763,
JÁNOSY István,7,,
JANUS PANNONIUS,386,https://www.wikidata.org/wiki/Q360094,
JÁRAY János,1,,
"JASPERT, Reinhard",1,,
JÁSZKÜRTI Gábor,1,,
JÁVOR László,5,,
JÁVOR Pál,11,,NA
JÉKELY Zoltán,77,https://www.wikidata.org/wiki/Q1102671,
JÉKEY Aladár,2,,
JESZENSZKY Damo (Temérdek),1,,
JO Mihály,4,,
JÓB Dániel,1,,
JOBBÁGY Károly,12,https://www.wikidata.org/wiki/Q1100884,
JÓKAI Anna,6,,
JÓKAI Mór,1687,https://www.wikidata.org/wiki/Q379621,
JÓSIKA Miklós,33,https://www.wikidata.org/wiki/Q634047,
JÓZSEF Attila,3836,https://www.wikidata.org/wiki/Q313359,
JÓZSEF Farkas,1,,
JÓZSEF Jolán,3,,
JUHÁSZ Ferenc,205,https://www.wikidata.org/wiki/Q517710,
JUHÁSZ Gyula,610,https://www.wikidata.org/wiki/Q742045,
JUST Béla,15,https://www.wikidata.org/wiki/Q1019421,
JUSTH Zsigmond,5,,
KABOS Ede,1,,
KACZÉR Illés,8,,
KÁDÁR Erzsébet,1,,
KÁDÁR Imre,3,,
KADOCSA Elek,1,,
KAFFKA Margit,49,https://www.wikidata.org/wiki/Q287762,
KAKAS Márton,1,,
KÁKAY Aranyos (Ábrányi Kornél ifj.),1,,
KALÁSZ Márton,18,https://www.wikidata.org/wiki/Q1103718,
KÁLDOR Márton,1,,
KÁLLAI István,4,,
KÁLLAY Miklós,3,,
KÁLMÁN Jenő,1,,
KÁLMÁN M.,1,,
KÁLMÁN Sándor,1,,
KALMÁR Rudolf,1,,
KÁLNOKI Izidor,1,,
KÁLNOKY László,20,https://www.wikidata.org/wiki/Q1123031,
KALOCSAY Kálmán,25,https://www.wikidata.org/wiki/Q12628,"eszperanto koltot mond, mi van, ha a muvek eleve eszperantoul voltak"
KAMJÉN István,2,,
KAMONDY László,13,https://www.wikidata.org/wiki/Q1103904,
KANIZSAY Ferenc,1,,
KANNÁS Lajos,3,,
KÁNTOR Zsuzsa,4,,
KÁNYÁDI Sándor,13,https://www.wikidata.org/wiki/Q897421,
KAPOS Ferenc,1,,
KAPY Béla,1,,
KARÁCSONY Benő,6,,
KARASZKY-CSABY Ödön,2,,
KARCZAG István,8,,
KARCZAG Vilmos,3,,
KARDOS Éva,1,,
KARDOS G. György,8,,
KARDOS György,6,,
KARIKÁS Frigyes,43,https://www.wikidata.org/wiki/Q20436166,
KARINTHY Ferenc,55,https://www.wikidata.org/wiki/Q201579,
KARINTHY Frigyes,652,https://www.wikidata.org/wiki/Q366325,
KÁRMÁN József,6,,
KARNER Ágoston,3,,
KÁROLY Sándor,1,,
KÁROLYI Amy,20,https://www.wikidata.org/wiki/Q1123470,
KÁROLYI Mihályné,1,,
KÁRPÁTI Aurél,5,,
KÁRPÁTI Endre,6,,
KASSAI Ferenc,1,,
KASSAI Géza,1,,
KASSÁK Lajos,421,https://www.wikidata.org/wiki/Q736847,
KATKÓ István,2,,
KATONA Gyula,2,,
KATONA Ilona,1,,
KATONA József,21,https://www.wikidata.org/wiki/Q149415,
KAZÁR Emil,1,,
KAZINCZY Ferenc,111,https://www.wikidata.org/wiki/Q381865,
KECSKEMÉTI VÉG Mihály,3,,
KEÉR Dezső,1,,
KÉKESDI Gyula,1,,
KÉKVÖLGYI Vilmos,1,,
KELECSÉNYI Gabriella,1,,
KELEMENFFY László,1,,
KELETI Artúr,7,,
KELETI Béla,1,,
KELETI Márton,2,,
KEMECHEY Jenő,2,,
KEMENCZKY Judit,4,,
KEMÉNY György,7,,
KEMÉNY János,2,,
KEMÉNY Simon,10,https://www.wikidata.org/wiki/Q17119579,
KEMÉNY Zsigmond,4,,
KÉMERI Sándor,1,,
KÉPES Géza,26,https://www.wikidata.org/wiki/Q663710,
KÉPLAKI Vilma,2,,
KEREKESHÁZY József,2,,
KERÉNYI Frigyes,5,,
KERÉNYI Grácia,3,,
KERESZTES Ágnes,3,,
KERESZTURI Dezső,1,,
KERESZTURY Sándor,4,,
KERESZTURYNÉ (DIAMANDI) Viktória,3,,
KERPEL (CLAUDIUS) Eugen,2,,
KERTBENY Károly Mária,2,,
KERTÉSZ Ákos,10,https://www.wikidata.org/wiki/Q250497,
KERTÉSZ Erzsébet,2,,
KERTÉSZ Magda,2,,
KERTÉSZ Róbert,2,,
KÉRY László,1,,
KESZI Imre,9,,
KESZTHELYI Zoltán,6,,
KÉZAI Simon,1,,
KIBÉDI Sándor,2,,
KIBÉDI-VARGA Áron,2,,
KINCS István,7,,
KIRÁLY Dezső,2,,
KIRÁLY Gizella,1,,
KIRÁLY István,2,,
KIRÁLY László,3,,
KIRÁLYHEGYI Pál,1,,
KIS Ferenc,5,,
KIS János,3,,
KIS Sándor,1,,
KISFALUDI János,1,,
KISFALUDY Atala,5,,
KISFALUDY Károly,131,https://www.wikidata.org/wiki/Q927190,
KISFALUDY Sándor,169,https://www.wikidata.org/wiki/Q670247,
KISHONT Ferenc,2,,
KISS Anna,11,https://www.wikidata.org/wiki/Q1111548,
KISS Dénes,3,,
KISS Ferenc,1,,
KISS Ida,1,,
KISS Jenő,92,https://www.wikidata.org/wiki/Q1111776,
KISS József,236,https://www.wikidata.org/wiki/Q920515,
KISS Menyhért,3,,
KISS Tamás,2,,
KISTELEKY Ede,2,,
KLEIN István József,2,,
KOBOR Tamás,12,https://www.wikidata.org/wiki/Q1124831,Kóbor
KOCSIS Gábor,2,,
KOCSIS László,2,,
KODOLÁNYI János,21,https://www.wikidata.org/wiki/Q534523,
KOHÁRY István,2,,
KÖLCSEY Ferenc,128,https://www.wikidata.org/wiki/Q440057,
KOLMÁR József,1,,
KOLOSI K. Sándor,7,,
KOLOZSVÁRI GRANDPIERRE Emil,30,https://www.wikidata.org/wiki/Q725478,
KOLTAY Jenő,1,,
KOMÁROMI János,10,https://www.wikidata.org/wiki/Q1118028,
KOMJÁT Aladár,30,https://www.wikidata.org/wiki/Q1116119,
KOMJÁTHY Aladár,1,,
KOMJÁTHY Jenő,23,https://www.wikidata.org/wiki/Q1116145,
KOMLÓS Aladár,6,,
KOMÓCSY József,15,https://www.wikidata.org/wiki/Q1118076,
KOMOR András,1,,
KONCZ Károly,9,,
KÖNCZÖL Antal,2,,
KONDOR László,1,,
KÖNNYŰ László,55,https://www.wikidata.org/wiki/Q94285353,"Könnyü lászló néven nincs nincs wiki oldala, se data, se pedia. 
csak ez van: http://web.axelero.hu/lala11/
de leslie konnyu mukodik"
KONRÁD György,12,https://www.wikidata.org/wiki/Q326823,
KÓNYA Lajos,38,https://www.wikidata.org/wiki/Q1124898,
KÓOSA S. Antal,1,,
KORCSMÁROS Pál,2,,
KORDA Béla,1,,
KOREN Emil,2,,
KÖRMENDI Ferenc,80,https://www.wikidata.org/wiki/Q783735,
KORMOS Gyula,1,,
KORMOS István,25,https://www.wikidata.org/wiki/Q1119097,
KORODA Pál,10,https://www.wikidata.org/wiki/Q18977580,
KOROMPAI József,1,,
KÓS Károly,11,https://www.wikidata.org/wiki/Q854411,
KÓSA János,1,,
KÓSA Rezső,5,,
KOSÁRYNÉ RÉZ Lola,4,,
KOSSA István,1,,
KOSSUTH Lajos,4,,
KŐSZEGI Imre,7,,
KOSZTOLÁNYI Dezső,812,https://www.wikidata.org/wiki/Q27610,
KOVÁCS Dezső,2,,
KOVÁCS György,6,,
KOVÁCS Gyula,1,,
KOVÁCS Hermin,2,,
KOVÁCS Imre,1,,
KOVÁCS J.(?),3,,
KOVÁCS Jenő,1,,
KOVÁCS Rózsa (Páll),1,,
KOVÁCS Vilmos,42,https://www.wikidata.org/wiki/Q1120419,
KOVAI Lőrinc,8,,
KŐVÁRY György,1,,
KÖVÉR H. tornai,1,,
KÖVESI ENDRE,2,,
KOZMA Andor,30,https://www.wikidata.org/wiki/Q793629,
KOZMA Ilona,1,,
KRISTÓF Attila,1,,
KRIZA János,3,,
KRÚDY Gyula,94,https://www.wikidata.org/wiki/Q527239,
KRÜZSELY Erzsébet,1,,
KUBA (?),1,,
KUBÁN Endre,1,,
KUCZKA Péter,45,https://www.wikidata.org/wiki/Q713527,
KULA György,1,,
KUN József Jenő,1,,
KUNCZ Aladár,7,,
KUNOS András,6,,
KUNSZERY Gyula,1,,
KÜRTHY Miklós,1,,
KUTASI-KOVÁCS Lajos,1,,
KUTHY Lajos,5,,
LABÁN Antal,1,,
LACZKÓ Géza,12,https://www.wikidata.org/wiki/Q1127271,
LACZKONÉ dr. KISS Ibolya,2,,
LADÁNYI Ferenc,3,,
LADÁNYI Mihály,45,https://www.wikidata.org/wiki/Q1127352,
LADÁNYI Rezső,1,,
LAKATOS László,10,https://www.wikidata.org/wiki/Q900104,
LAKATOS Menyhért,2,,
LAKNER Sándor,2,,
LAKOS Lajos,1,,
LÁM Frigyes,1,,
LAMPÉRTH Géza,5,,
LÁNG György,1,,
LÁNG Jenő,1,,
LÁNYI Sarolta,44,https://www.wikidata.org/wiki/Q1160171,
LÁSZLÓ Ákos,1,,
LÁSZLÓ Aladár,1,https://www.wikidata.org/wiki/Q81724163,
LÁSZLÓ András,8,,
LÁSZLÓ Anna,22,https://www.wikidata.org/wiki/Q27835178,
LÁSZLÓ Gyula,1,,
LÁSZLÓ Ibolya,1,,
LÁSZLÓFFY Aladár,16,https://www.wikidata.org/wiki/Q716696,
LATKÓCZY Mihály,1,,
LATOR László,13,https://www.wikidata.org/wiki/Q641780,
LAUKA Gusztáv,6,,
LÁZÁR (Béla),1,,
LÁZÁR András,1,,
LÁZÁR Ervin,4,,
LÁZÁR István,2,,
LEBOURG Paul & Jean,3,,
LECHNER Gyula,111,https://www.wikidata.org/wiki/Q1128542,"wikidatában festő, wikipédiában költő, műforditó stb. is. Más lechner gyula nincs..."
LEFFLER Béla,2,,
LENDVAI István,1,,
LENGYEL Balázs,1,,
LENGYEL Emil,2,,
LENGYEL Géza,1,,
LENGYEL Gizella,1,,
LENGYEL József,90,https://www.wikidata.org/wiki/Q1128999,
LENGYEL Menyhért,18,https://www.wikidata.org/wiki/Q898188,
LENGYEL Olga,1,,
LENGYEL Péter,1,,
LENKEI Henrik,2,,
LESTYÁN Sándor,1,,
LESZLEI Márta,1,,
LESZNAI Anna,14,https://www.wikidata.org/wiki/Q561664,
LÉTAY Lajos,48,https://www.wikidata.org/wiki/Q1160494,
LÉVAI Jenő,2,,
LÉVAY József,50,https://www.wikidata.org/wiki/Q1160515,
LÉVAY Mihály,1,,
LIGETI Ernő,4,,
LIGETI Károly,1,,
LIGETI Kerthen,1,,
LIGETI Vilma,1,,
LISZNYAI Kálmán,25,https://www.wikidata.org/wiki/Q1130428,
LITHVAY Viktorin,1,,
LOEW Vilmos N.,5,,
LÖKKÖS Antal,2,,
LONDESZ Elek,1,,
LÓRÁND Lőrinc,1,,
LÓRÁNT István,1,,
LŐRINCZ András,1,,
LŐRINCZ Miklós,1,,
LŐRINCZY György,1,,
LOSCHNI A. Mária,1,,
LOSONCZY László,3,,
LOVÁSZY Károly,1,,
LOVÁSZY Márton,1,,
LOVIK Károly,6,,
LÖWY Sándor,1,,
LUKÁCS Béla,3,,
LUKÁCS György,4,,
LULOFS M. H.,7,,
"LUPU, Joan",1,,
LUX Terka,2,,
MÁCS József,1,,
MACSKÁSSY,2,,
MADÁCH Imre,110,https://www.wikidata.org/wiki/Q366331,
MADÁR Erzsébet,1,,
MADARASSY L.,1,,
MADARÁSZ Emil,117,https://www.wikidata.org/wiki/Q15123834,
MAGOS Ernő,1,,
MAGYAR Bálint,1,,
MAGYARI Lajos,3,,
MAGYARODI,4,,
MAILÁTH János,3,,
MAJOR Nándor,1,,
MAJOR Ottó,1,,
MAJOROS István,1,,
MAJTÉNYI Erik,6,,
MAJTÉNYI Mihály,14,https://www.wikidata.org/wiki/Q1163766,
MAJTHÉNYI Flóra,13,https://www.wikidata.org/wiki/Q1163749,
MAJTHÉNYI Mihály,2,,
MAKAI Emil,4,,
MAKAI Sándor,6,,
MAKAY Ida,1,,
MALOM Lujza,2,,
MALONYAY Dezső,1,,
MÁNDI Éva,2,,
MÁNDY Iván,56,https://www.wikidata.org/wiki/Q185558,
MÁRAI Sándor,99,https://www.wikidata.org/wiki/Q36951,
MARCONNAY Tibor,6,,
MARÉK Veronika,1,,
MÁRFFY Oszkár,1,,
MARGITAY Dezső,1,,
MARGOCSY József,2,,
MÁRIÁSSY Judit,1,,
MARIAY Ödön,5,,
MÁRK Gyula,1,,
MÁRKI Zoltán,2,,
MARKOVITS Rodion,10,https://www.wikidata.org/wiki/Q1165539,
MÁRKUS József,2,,
MÁRKUS Miklós,3,,
MAROS Antal,1,,
MAROSI Gyula,1,,
MAROTHY Jenő,1,,
MARSALL László,17,https://www.wikidata.org/wiki/Q650045,
MARSCHALKO Lia,1,,
MÁRTON László,1,,
MÁTÉ György,4,,
MÁTÉ Imre,1,,
MATISZ Pál,1,,
MÁTYÁS Ferenc,1,,
MÁTYÁS király,1,,
MAY-MARCZALI Erzsébet,1,,
MÉCS László,175,https://www.wikidata.org/wiki/Q1212738,
MEDGYES Lajos,2,,
MEDNYÁNSZKY Alajos báró,1,,
MEDVECKY Bella,2,,
MEGYERI Sári,2,,
MÉHES György,2,,
MELHA-HILF Paula,1,,
MÉLIUSZ József,11,https://www.wikidata.org/wiki/Q1212830,
MELLER Rózsi,1,,
MENCZEL Aladár,1,,
MENTES Mihály,1,,
MENTOVICH Ferenc,4,,
MÉRAY HORVÁTH Károly,1,,
MÉRAY Tibor,4,,
MÉRY Károly,5,,
MESTERHÁZI Lajos,46,https://www.wikidata.org/wiki/Q1176198,
MÉSZÁROS Ferenc,2,,
MÉSZÖLY Miklós,30,https://www.wikidata.org/wiki/Q926601,
MEZEI András,25,https://www.wikidata.org/wiki/Q1176411,
MEZEI Ernő,2,,
MEZEY Katalin,6,,
MIKES György,44,https://www.wikidata.org/wiki/Q19469,"nem világos, hogy az a viszonylag kevés könyve, ami fel van sorolva, azért van-e a listában, mert ezek spec magyarból lettek forditva pl. németre? (szemben másokkal?) Azaz: magyar iró-e egyáltalán? "
MIKES Kelemen,8,,
MIKES Margit,1,,
MIKLÓS Jenő,1,,
MIKSZÁTH Kálmán,723,https://www.wikidata.org/wiki/Q350552,
MINDSZENTY Gedeon,1,,
MINDSZENTY József,3,,
MOCSÁR Gábor,12,https://www.wikidata.org/wiki/Q1178190,
MOHOLY NAGY László,1,,
MOLDOVA György,72,https://www.wikidata.org/wiki/Q640251,
MOLDOVÁN Domokos,1,,
MOLLINÁRY Gizella,2,,
MOLNÁR Ákos,2,,
MOLNÁR E. G.,1,,
MOLNÁR Ferenc,435,https://www.wikidata.org/wiki/Q296809,
MOLNÁR Gábor,3,,
MOLNÁR Géza,25,https://www.wikidata.org/wiki/Q1178633,
MOLNÁR Gido,1,,
MOLNÁR Jenő,1,,
MOLNÁR László,1,,
MOLNÁR Zoltán,10,https://www.wikidata.org/wiki/Q1178758,
MOLTER Károly,3,,
MOLY Tamás,2,,
MÓRA Ferenc,326,https://www.wikidata.org/wiki/Q774280,
MÓRA István,1,,
MORAVETZ Ferenc,1,,
MÓRICZ Virág,3,,
MÓRICZ Zsigmond,690,https://www.wikidata.org/wiki/Q227312,
MORVAY Gyula,1,,
MÜLLER Péter,4,,
MUNKÁCSI Márton,1,,
MUNKÁCSI Miklós,1,,
MUNKÁCSY Kálmán,1,,
MÜNNICH Ferenc,3,,
MURAI Károly,7,,
MURÁNYI KOVÁCS Endre,8,,
MUSZKÁS Ottó,1,,
NÁDAI Pál,1,,
NADÁNYI Zoltán,13,https://www.wikidata.org/wiki/Q1213852,
NÁDAS József,2,,
NÁDAS Péter,1,,
NÁDAS Sándor,1,,
NADLER Herbert,1,,
NÁDLER Pálma,1,,
NAEVIS Alba,1,,
NAGY Dániel,2,,
NAGY E. Margit,1,,
NAGY Emma,1,,
NAGY Endre,3,,
NAGY Gusztáv,1,,
NAGY Ignác,2,,
NAGY Imre,2,,
NAGY István,42,https://www.wikidata.org/wiki/Q1214276,
NAGY József,1,,
NAGY Katalin,3,,
NAGY Kristóf és Mária,1,,
NAGY Lajos,276,https://www.wikidata.org/wiki/Q130141,
NAGY László,196,https://www.wikidata.org/wiki/Q250100,
NAGY Miklós,1,,
NAGY S. József,1,,
NAGY Sándor,15,https://www.wikidata.org/wiki/Q677901,
NAGY Sándor (K),12,,"NA
RESOLVE
a legtöbb Nagy Sándor (K) entry valójában a másik Nagy Sándorhoz tartozik. Ez a NS csak két 1900-as kalendárium-megjelenéssel van jelen. Azonosithatatlan. "
NAGY Zoltán,16,https://www.wikidata.org/wiki/Q1214563,
NAGYIVÁNYI Zoltán,2,,
NAGYKÁSZONY Zoltán,1,,
NEDECZKY Elek,1,,
NEMES György,1,,
NEMES István,1,,
NEMES László,1,,
NEMES NAGY Ágnes,93,https://www.wikidata.org/wiki/Q721607,
NÉMETH Andor,10,https://www.wikidata.org/wiki/Q1220633,
NÉMETH G.,1,,
NÉMETH Géza,2,,
NÉMETH H. István,4,,
NÉMETH Imre,5,,
NÉMETH János (Szentirmay Elemér),3,,
NÉMETH Johanna,1,,
NÉMETH László,125,https://www.wikidata.org/wiki/Q303480,
NÉMETH Zoltán,1,,
NEVIS Alba,1,,
NÓTI Károly,1,,
NOUVELLES,1,,
NOVOBÁCZKY Sándor,4,,
NYÉKI-VÖRÖS Mátyás,1,,
NYERGES András,2,,
NYILAS Sámuel,4,,
NYÍRŐ József,48,https://www.wikidata.org/wiki/Q833442,
NYISZLI Miklós,1,,
NYULASSY Antal,2,,
OLÁH Gábor,7,,
OLÁH Miklós,1,,
ÖLBEY Irén,2,,
OLOSZ Lajos,1,,
ÖLVÉDI László,1,,
OPOWIADANIA,1,,
ORAVECZ Imre,31,https://www.wikidata.org/wiki/Q426383,
ORAVECZ Paula,3,,
ORBÁN Ottó,31,https://www.wikidata.org/wiki/Q268958,
ORBÓK Attila,1,,
ORCZY Lőrinc,8,,
ÖRDÖGH Szilveszter,1,,
ÖRKÉNY István,362,https://www.wikidata.org/wiki/Q361918,
ORMÓDI Bertalan,1,,
ÖRSI Ferenc,5,,
ORSZÁGH György,1,,
ORTUTAY Gyula,1,,
OSVÁTH Eszter,3,,
ŐSZ Ferenc,7,,
OTTLIK Géza,13,https://www.wikidata.org/wiki/Q558419,
ÖVEGES Kálmán,1,,
P. P.,1,,
PAJER András,1,,
PÁJER Antal,1,,
PÁKH Albert,1,,
PÁKOLITZ István,3,,
PÁKOZDY Ferenc,4,,
PÁKOZS Károly,1,,
PALÁGYI Lajos,17,https://www.wikidata.org/wiki/Q1228680,
PALÁSTI László,4,,
PÁLL KOVÁCS Rózsa,1,,
PALLAGI Lajos,1,,
PÁLÓCZI HORVÁTH Ádám,1,,
PÁLÓCZI HORVÁTH György,1,,
PALOTAI Boris,41,https://www.wikidata.org/wiki/Q537469,
PALOTAY Gyula,2,,
PÁLYI András,1,,
PÁLYI Eduard,1,,
PÁN Imre,10,https://www.wikidata.org/wiki/Q1242299,
PÁNDI Marianne,1,,
PÁNDY Kálmán,1,,
PAP Endre,6,,
PAP Gábor,1,,
PAP Gyula,2,,
PAP Imre,1,,
PAP József,48,https://www.wikidata.org/wiki/Q1229375,
PAP Károly,14,https://www.wikidata.org/wiki/Q281581,
PAP Zoltán,4,,
PÁPA Relli,5,,
PAPALARDO M. T.,1,,
PAPP Dániel,4,,
PAPP Ferenc,3,,
PAPP Lajos,1,,
"PAPP-VÁRY Elemérné, SZIKLAY Szeréna",2,,
PARANCS János,3,,
PARDI Anna,14,https://www.wikidata.org/wiki/Q16522319,
PÁSKÁNDI Géza,10,https://www.wikidata.org/wiki/Q1242544,
PASS Lajos,3,,
PASSUTH László,50,https://www.wikidata.org/wiki/Q721566,
PÁSZTOR Árpád,7,,
PÁSZTOR József,1,,
PATAI József,19,https://www.wikidata.org/wiki/Q20435826,
"PAVOLINI, Paolo Emilio",1,,
PÁZMÁNY Péter,8,,
PÉCHY Ferenc (1529.),1,,
PÉCSI Mária,1,,
PÉCZELY József,3,,
PEKÁR Gyula,16,https://www.wikidata.org/wiki/Q1232089,
PÉLI,1,,
PEN John,2,,
PERLAKY Lajos,4,,
PERNEKI Mihály,10,,
PETELEI István,9,,
PÉTER István,1,,
PETERDI Andor,8,,
PETERDI Pál,6,,
PETŐFI Sándor,25731,https://www.wikidata.org/wiki/Q81219,
PETRI György,16,https://www.wikidata.org/wiki/Q898386,
PETRICHEVICH Horváth Lázár,2,,
PETRŐCZY Kata Szidónia,8,,
PETROVÁCZ István,2,,
PETRY Anna,2,,
PIKLER Emmi,1,,
PILINSZKY János,211,https://www.wikidata.org/wiki/Q470011,
PINTÉR Ferenc,1,,
PINTÉR István,1,,
PINTÉR Tamás,2,,
PITROFF Pál,1,,
PLESCH János,1,,
POGÁNY LANÁTOR Ferenc,1,,
POGÁNY N.,1,,
POGONYI Antal,1,,
POGRÁCZ-JACOBI Erzsébet,2,,
POHER BEXHEFT Lily,1,,
POLGÁR István,6,,
POLIGNAC Melchior (Menyhért),1,,
POLNAY Péter,3,,
PÓLYA László,1,,
POMPÉRI János,6,,
POMPÉRY Ervin,1,,
PONGRÁCZ Lajos,1,,
PONGRÁCZ Zsuzsa,1,,
PORZÓ (Ágai Adolf),1,,
PÓSA Lajos,9,,
PÓSA Lajosné,1,,
POSSONYI László,2,,
PÖSZE,1,,
POZSONYI László,4,,
PROHÁSZKA Ottokár,2,,
"PRUDHOMMEAUX, André",1,,
PRUKNER Pál,1,,
PULSZKY Ferenc,10,,
PULSZKY Teréz,5,,
PÜNKÖSTI Andor,1,,
PUSZTA Sándor,1,,
PUTZKER Adolf,1,,
RAB Gusztáv,9,,
RAB Zsuzsa,9,,
RÁBA György,19,https://www.wikidata.org/wiki/Q285465,
RÁBA Sándor,1,,
RÁCZ F. Kálmán,1,,
RÁDAY Gedeon,4,,
RADNÓTI Miklós,1048,https://www.wikidata.org/wiki/Q442801,
RADÓ Antal,8,,
RADVÁNYINÉ RUTTKAY Emma,1,,
RADVÁNYNÉ RUTTKAY Emma,1,,
RAFFAI Sarolta,1,,
RAITH Tivadar,4,,
RÁKÓCZI Ferenc II.,2,,
RÁKOS Sándor,69,https://www.wikidata.org/wiki/Q974967,
RÁKOSI Jenő,4,,
RÁKOSI Viktor,42,https://www.wikidata.org/wiki/Q339428,
RÁKOSY Gergely,4,,
RAKOVSZKY Etelka,1,,
RÁSKAI Lea,1,,
RÁTH VÉGH István,12,https://www.wikidata.org/wiki/Q1252632,
RAVASZ László,2,,
RAYMAN Katalin,1,,
RÉDEY Pál,2,,
REICHARD Piroska,7,,
REISEN Ábrahám,1,,
REJTŐ Jenő,16,https://www.wikidata.org/wiki/Q128714,
REMÉNYI Béla,2,,
REMÉNYI József,1,,
REMÉNYIK Sándor,50,https://www.wikidata.org/wiki/Q683301,
REMENYIK Zsigmond,2,,
RÉTHI E. L.,1,,
RÉVAI Miklós,6,,
RÉVAY József,1,,
RÉVÉSZ Béla,12,https://www.wikidata.org/wiki/Q387245,
RÉVÉSZ Endre (András),1,,
REVICZKY Gyula,86,https://www.wikidata.org/wiki/Q1248646,
RÉZ Margit,1,,
RICKERT Ernő,2,,
RIDEG Sándor,12,https://www.wikidata.org/wiki/Q576948,
RIMAY János,15,https://www.wikidata.org/wiki/Q732036,
RINAGL Lipót,1,,
RISKO Ignác,2,,
RITOÓK Emma,2,,
ROLLA Margit,2,,
ROMÁN György,1,,
RÓNA Imre,1,,
RÓNASZEGI Miklós,1,,
RÓNAY György,57,https://www.wikidata.org/wiki/Q1253528,
RÓNAY István,7,,
ROSNER Lajos,1,,
ROZMAN József,1,,
RÓZSA Miklós,1,,
ROZVÁNYI Vilmos,5,,
RUBLETZKY Géza,1,,
RUDNAI Gábor,2,,
RUDNYÁNSZKY Gyula,16,https://www.wikidata.org/wiki/Q1251562,
RUDNYÁNSZKY János,2,,
RUSZKABÁNYAI Elemér,1,,
RUSZNYÁK Emmi,2,,
RUTTKAY Emil,1,,
RUTTKAY MIKLIÁN Géza,1,,
S. A.,1,,
SÁGHY Jenő,1,,
SÁGI Márta,1,,
SAJÓ Géza,1,,
SAJÓ Sándor,1,,
SAL Ferenc,1,,
SALAMON Ernő,57,https://www.wikidata.org/wiki/Q12347185,
SALAMON László,3,,
SALAMON Pál,2,,
"SALVINI, Luigi",3,,
SAMARJAI Károly,2,,
SÁNDOR András,3,,
SÁNDOR Judit,1,,
SÁNDOR Kálmán,18,https://www.wikidata.org/wiki/Q587429,
SÁNTA Ferenc,50,https://www.wikidata.org/wiki/Q720395,
SÁRÁNDY István,2,,
SARKADI Imre,50,https://www.wikidata.org/wiki/Q459901,
SÁRKÁNY András,2,,
SÁRKÖZI György,23,https://www.wikidata.org/wiki/Q969178,
SÁROSI Gyula,8,,
SAS Ede,2,,
SÁSDI Sándor,7,,
SCHMIDT Béla,1,,
SCHÖPFLIN Aladár,1,,
SCHRŐTER Károly,4,,
SCHUMACHER Sándor (Alex),1,,
SCHWIMMER Rózsika,1,,
SEBEN István,1,,
SEBESTYÉN György,5,,
SEBŐK Éva,1,,
SEBŐK Ferenc,1,,
SERÉDY Kató,2,,
SÉRTŐ Kálmán,7,,
SIGRAY Fülöp,1,,
SIK Endre,1,,
SÍK Sándor,19,https://www.wikidata.org/wiki/Q661630,
SIMÁN Erzsébet,3,,
SIMÁNDY Pál,1,,
SIMON Endre,3,,
SIMON Ferenc,1,,
SIMON István,121,https://www.wikidata.org/wiki/Q266463,
SIMON Lajos,1,,
SIMON Miklós,1,,
SIMONFFY András,6,,
SIMONYI Imre,3,,
SIMOR András,2,,
SIMOR Miklós,4,,
SINKA István,7,,
SINKÓ Ervin,2,,
SIPKAY Barna,4,,
SIPOS Domokos,4,,
SIPOS Gyula,3,,
SIPOS Iván,2,,
SIPOS V. Ida,1,,
SIROLA Francesco,2,,
SIROLA Gino,2,,
SIVIRSKY Antal,1,,
SOBOR Antal,1,,
SOLTÉSZ Gáspár,1,,
SOLYMOS Bea,1,,
SOLYMOSI Elek,1,,
SOLYMOSSY Sándor,4,,
SÓLYOM Lajos,1,,
SÓLYOM László,1,,
SOMLÓ Károly (Karl),2,,
SOMLÓ Sándor,1,,
SOMLÓ Sári,1,,
SOMLYÓ György,145,https://www.wikidata.org/wiki/Q963404,
SOMLYÓ Zoltán,31,https://www.wikidata.org/wiki/Q569921,
SOMOGYI Gyula,1,,
SOMOGYI Ignác,1,,
SOMOGYI Pál,6,,
SOMOGYI TÓTH Sándor,13,https://www.wikidata.org/wiki/Q13218432,
SOMOGYI Vilmos,1,,
SOMOGYVÁRI Gyula,1,,
SOMOSSY József,1,,
SOMYLÓ György,11,,"RESOLVE
elütésen alapuló entry
összevonni a Somlyó György sorral"
SOÓS Zoltán,3,,
SÓS György,10,,
SŐTÉR István,10,,
SPIRITINI Massimo,1,,
SRÉTER Kálmán,2,,
STEINACKER Gusztáv (Treumund G.),3,,
STEINBACH Josef dr.,1,,
Stella Adorján,1,,
STELLA Adorján,6,,
"Stenborg, Hans-Eric",1,,
STETKA Éva,4,,
STRÉM István,3,,
SUJÁNSZKY Antal,5,,
SÜKEI Károly,9,,
SULYOK G.,1,,
SULYOK Vince,3,,
SURÁNYI Miklós,18,https://www.wikidata.org/wiki/Q962624,
SÜTŐ András,11,https://www.wikidata.org/wiki/Q516149,
SÜTŐ István,1,,
SZ. SIMON Erzsébet,1,,
SZ. SÓLYMOS Bea,1,,
SZABADI László,2,,
SZABADOS János,1,,
SZABÉDI László,1,,
SZABÓ András,3,,
SZABÓ Béla,3,,
SZABÓ Dávid,1,,
SZABÓ Dezső,26,https://www.wikidata.org/wiki/Q920991,
SZABÓ Endre,9,,
SZABÓ György,5,,
SZABÓ Gyula,4,,
SZABÓ István,25,https://www.wikidata.org/wiki/Q1293586,
SZABÓ József,1,,
SZABÓ Judit,1,,
SZABÓ László,2,,
SZABÓ Lőrinc,214,https://www.wikidata.org/wiki/Q561656,
SZABÓ Magda,139,https://www.wikidata.org/wiki/Q231948,
SZABÓ Mária,3,,
SZABÓ Miklós,3,,
SZABÓ Pál,57,https://www.wikidata.org/wiki/Q1293741,
SZABÓ Sándor,2,,
SZABÓ Tamás,3,,
SZABOLCSI Lajos,1,,
SZABOLCSKA Mihály,68,https://www.wikidata.org/wiki/Q266048,
SZABÓNÉ NOGÁLL Janka,7,,
SZAKÁL Erzsébet,1,,
SZAKÁL Lajos,5,,
SZAKONYI Károly,45,https://www.wikidata.org/wiki/Q1294062,
SZALAI János,1,,
SZALAI László,4,,
SZALAI Lenke,1,,
SZALATNAI Rezső,1,,
SZALAY Fruzsina,5,,
SZALAY Károly,1,,
SZALAY Mátyás,1,,
SZALAY Mihály,3,,
SZALÉ Júlia,1,,
SZALKAI Mátyás,1,,
SZALLER György,1,,
SZAMOS Rudolf,5,,
SZAMOSKÖZI István,7,,
SZÁNTHÓ,1,,
SZÁNTHÓ Dénes,1,,
SZÁNTÓ Erika,1,,
SZÁNTÓ György,11,https://www.wikidata.org/wiki/Q1301356,
SZÁNTÓ Rezső,1,,
SZARKA Géza,1,,
SZARVAS Mariska,1,,
SZÁSZ Béla,3,,
SZÁSZ Elza,1,,
SZÁSZ Gerő,3,,
SZÁSZ Imre,3,,
SZÁSZ János,1,,
SZÁSZ József,1,,
SZÁSZ Károly,56,https://www.wikidata.org/wiki/Q263430,"sajnos a fia és az unokája is: 
https://www.wikidata.org/wiki/Q1023873
illetve: https://hu.wikipedia.org/wiki/Sz%C3%A1sz_K%C3%A1roly_(egy%C3%A9rtelm%C5%B1s%C3%ADt%C5%91_lap)
Szász Károly (1905–1980) könyvtáros, költő

"
SZÁSZ Menyhért,2,,
SZÁSZ Piroska,1,,
SZATHMÁRI Sándor,2,,
SZATHMÁRY Zoltán,1,,
SZATMÁRY Pál,1,,
SZÁVA István,6,,
SZÁVAY Gyula,4,,
SZÁVAY Zoltán,1,,
SZEBENYI Sándor,1,,
SZEBERÉNYI Lehel,9,,
SZÉCHENYI István,6,,
SZÉCHY Károly,2,,
SZÉCSEN,1,,
SZÉCSI Margit,38,https://www.wikidata.org/wiki/Q1301998,
SZÉCSKAY György,2,,
SZEDERJEI Ákos,11,,"NA
1960-as években él és aktiv"
SZEDERJEI Magda,4,,
SZEDERKÉNYI Anna,1,,
SZÉKÁCS József,5,,
SZÉKELY János,6,,
SZÉKELY János (Peny John),2,,
SZÉKELY József,4,,
SZÉKELY Júlia,1,,
SZÉKELY László,8,,
SZÉKELY Magda,19,https://www.wikidata.org/wiki/Q939922,
SZÉKELY Mózes,1,,
SZÉKELY Tibor,5,,
SZELESTEY László,4,,
SZÉLPÁL Árpád,2,,
SZEMERE György,1,,
SZEMERE László,2,,
SZEMERE MÁRIÁSSY Katinka,1,,
SZEMERE Miklós,4,,
SZEMERE Pál,23,https://www.wikidata.org/wiki/Q1295893,
SZEMLÉR Ferenc,12,https://www.wikidata.org/wiki/Q1295955,
SZENCI MOLNÁR Albert,1,,
SZENCZEI László,1,,
SZENDREY Júlia,5,,
SZENES Béla,9,,
SZENES Erzsébet,2,,
SZENES Erzsi,1,,
SZENES Iván,1,,
SZENES László,22,,"nincs wiki csak hiany: Szenes László (1924) író, költő"
SZENTELEKY Kornél,12,https://www.wikidata.org/wiki/Q1296799,
SZENTIMREI Jenő,1,,
SZENTIVÁNYI Jenő,4,,
SZENTJÓBI SZABÓ László,3,,
SZENTJÓBY Tamás,1,,
SZENTKUTY Miklós,1,,
SZENTMIHÁLYINÉ SZABÓ Mária,1,,
SZENTMIKLÓSSY Alajos,26,https://www.wikidata.org/wiki/Q1297127,
SZÉP Ernő,83,https://www.wikidata.org/wiki/Q247416,
SZEPES Mária,5,,
SZEPESI Attila,2,,
SZEPESSY László,2,,
SZERB Antal,25,https://www.wikidata.org/wiki/Q570810,
SZIGLIGETI Ede,10,,
SZILÁGYI András,4,,
SZILÁGYI Dezső,1,,
SZILÁGYI Domokos,8,,
SZILÁGYI Ferenc,1,,
SZILÁGYI Géza,7,,
SZILASI Vilmos,1,,
SZILI Leontin,4,,
SZILVÁSI Lajos,6,,
SZIMONIDESZ Lajos,1,,
SZINI Gyula,9,,
SZINNYEI Júlia,2,,
SZIRA Béla,1,,
SZIRÁKY Judit,10,,
SZIRMAY Antal,1,,
SZIRMAY Rezső,1,,
SZITNYAI Zoltán,14,https://www.wikidata.org/wiki/Q1299045,
SZIVÓS Béla,1,,
SZIVÓS Donát,1,,
SZKHÁROSI HORVÁT András,3,,
SZOBOTKA Tibor,1,,
SZOHUREK Antónia,1,,
SZŐKE Sándor,1,,
SZOLGA Mihály,6,,
SZÖLLÖSI Zsigmond,2,,
SZOLNOKI István,1,,
SZOMAHÁZY István,10,,
SZOMBATHY Viktor,1,,
SZOMBATI Sándor,2,,
SZOMBATI SZABÓ István,3,,
SZOMORY Dezső,18,https://www.wikidata.org/wiki/Q1299945,
SZOMORY István,1,,
SZOMORY Károly,1,,
SZŰCS Dániel,1,,
SZÜCS György,1,,
SZŰCS József,1,,
SZÜDI György,7,,
SZÜTS István,1,,
T. KOVÁCS Hermin,1,,
TABÁK András,11,https://www.wikidata.org/wiki/Q13806339,
TABÉRY Géza,5,,
TABI László,9,,
TÁBORI György,4,,
TÁBORI Pál,33,https://www.wikidata.org/wiki/Q2062674,
TÁBORI Pál (?),2,,
TÁBORI Piroska,15,https://www.wikidata.org/wiki/Q1326042,
TÁBORI Róbert,8,,
TAKÁCS Erzsébet,1,,
TAKÁCS Imre,13,https://www.wikidata.org/wiki/Q1316160,
TAKÁCS Tibor,2,,
TAKÁCS Zsuzsa,4,,
TAKÁTS Gyula,19,https://www.wikidata.org/wiki/Q745830,
TAMÁS Aladár,4,,
TAMÁS Ernő,1,,
TAMÁS István,2,,
TAMÁS Lajos,3,,
TAMÁS Menyhért,1,,
TAMÁS Mihály,1,,
TAMÁSI Áron,63,https://www.wikidata.org/wiki/Q257803,
TAMÁSI Lajos,8,,
TAMKÓ SIRATÓ Károly,1,,
TÁNCSICS Mihály,1,,
TÁNCZOS Gábor,1,,
TANDORI Dezső,29,https://www.wikidata.org/wiki/Q347026,
TARDOS Péter,1,,
TARDOS Tibor,85,https://www.wikidata.org/wiki/Q1316859,
TÁRKÁNYI Béla,5,,
TARNÓCZY Árpád,3,,
TASS József,4,,
TATÁR Péter,4,,
TATAY Sándor,21,https://www.wikidata.org/wiki/Q524445,
TAURINUS (Stieröchsel István),1,,
TELEGDI Kata,1,,
TELEKES Béla,2,,
TELEKI Ferenc gróf,2,,
TELEKI José,1,,
TELEKI László,1,,
TELEKI Sándorné (Szikra),5,,
TEMÉRDEK (Jeszenszky Damo),4,,
TEMESVÁRI Pelbárt,1,,
TERESCSÉNYI György,2,,
TERSÁNSZKY JÓZSI Jenő,43,https://www.wikidata.org/wiki/Q1318579,
TEZA Emilio,4,,
THALY Kálmán,10,,
THARAUD I.,1,,
THEWREWK Árpád,1,,
THIERY Árpád,2,,
THINSZ Géza,1,,
THIRRING Gusztávné Waisbecker J.,1,,
THURÓCZY Zoltán,1,,
THURY Erzsébet,1,,
THURY Lajos,1,,
THURY Zoltán,11,https://www.wikidata.org/wiki/Q259750,
THURY Zsuzsa,25,https://www.wikidata.org/wiki/Q1320567,
THURZÓ Gábor,24,https://www.wikidata.org/wiki/Q16523310,
TICHY Herbert,1,,
TÍMÁR György,27,https://www.wikidata.org/wiki/Q1321259,
TIMÁR László,1,,
TIMÁR Máté,6,,
TINÓDI LANTOS Sebestyén,8,,
TISZA Domokos,2,,
TISZA István,1,,
TOLDALAGI Pál,2,,
TOLDY (Schedel) Ferenc,3,,
TÖLGYESSI Miklós,2,,
TOLLAS A. Júlia,1,,
TOLLAS Tibor,2,,
TOLNAI Lajos,31,https://www.wikidata.org/wiki/Q676593,
TOLNAI Ottó,10,https://www.wikidata.org/wiki/Q718134,
TÖLTÉNYI Szaniszló,1,https://www.wikidata.org/wiki/Q55683591,
TOMA Ádám,1,,NA
TOMORI Jenő,1,https://www.wikidata.org/wiki/Q97192269,Tomory
TÖMÖRKÉNY István,131,https://www.wikidata.org/wiki/Q1327725,
TOMPA László,10,https://www.wikidata.org/wiki/Q637069,
TOMPA Mihály,141,https://www.wikidata.org/wiki/Q897077,
TOMPA Sándor,1,,NA
TORDAI Ányos,1,,"1920-as évek. Ciszterci tanár, Gárdonyi-kultusz szervezője"
TORKOS László,1,https://www.wikidata.org/wiki/Q24287957,
TORMAY Cécile,36,https://www.wikidata.org/wiki/Q241470,
TORMAY Cecília,3,,"TÖRLENDŐ, összevonni Cécile-lel"
TORNAI József,12,https://www.wikidata.org/wiki/Q520973,
TÖRÖK Gyula,3,https://www.wikidata.org/wiki/Q1328186,
TÖRÖK Rezső,5,https://www.wikidata.org/wiki/Q80952638,
TÖRÖK Sándor,19,https://www.wikidata.org/wiki/Q1328290,
TÖRÖK Sophie,12,https://www.wikidata.org/wiki/Q1316586,
TÖRÖK Tamás,1,https://www.wikidata.org/wiki/Q84570934,
TÓTH András,4,,NA
TÓTH Árpád,217,https://www.wikidata.org/wiki/Q582421,
TÓTH Béla,1,https://www.wikidata.org/wiki/Q1327093,talán ez a Tóth Béla
TÓTH Ede,2,https://www.wikidata.org/wiki/Q1327111,
TÓTH Endre,6,https://www.wikidata.org/wiki/Q20438063,
TÓTH Eszter,1,https://www.wikidata.org/wiki/Q1327134,
TÓTH Gyula,29,,"nincs wiki, csak ez mint wikipedia hiany: 
Tóth Gyula (1928) író, történész, filológus"
TÓTH István,1,https://www.wikidata.org/wiki/Q15535264,
TÓTH J.,1,,nem azonositható
TÓTH Jolán,1,,"nincs wiki, OszK nektár alapján 1907-1917 között aktiv"
TÓTH Judit,10,https://www.wikidata.org/wiki/Q1327237,
TÓTH Kálmán,67,https://www.wikidata.org/wiki/Q936004,"van még egy tóth kálmán: 
https://www.wikidata.org/wiki/Q13422594
plusz egy könyves tóth kálmán is: 
https://www.wikidata.org/wiki/Q13453389
plusz egyéb tóth kálmánok, de ez a három látszik irónak lenni... 
nem meglepő módon mind a wikipedia mind a wikidata oldalak elég zavarosak"
TÓTH László,17,https://www.wikidata.org/wiki/Q787164,ez Ungvárnémeti Tóth L.  
TÓTH László II.,4,https://www.wikidata.org/wiki/Q17241404,
TÓTH Lőrinc,3,https://www.wikidata.org/wiki/Q1184687,
TÓTH Miklós,2,,"nincs wiki 
Tóth Miklós (1904–1975) vígjáték, operett- kabaré- és forgatókönyvíró"
TÓTH Tihamér,4,https://www.wikidata.org/wiki/Q1327440,
TRAEGER Ernő,3,https://www.wikidata.org/wiki/Q58355986,
TRENCSÉNYI WALDAPFEL Imre,1,https://www.wikidata.org/wiki/Q1323843,
TURIÁN György,1,https://www.wikidata.org/wiki/Q65218582,
TÚRMEZEI László,1,,1930 körül aktiv (Illyés rec a nyugatban)
TURÓCZI József,1,https://www.wikidata.org/wiki/Q165667,??
TURÓCZI Zoltán,1,https://www.wikidata.org/wiki/Q1328806,Túróczy
TÜZ Tamás,1,https://www.wikidata.org/wiki/Q1329323,
ÜCHRITZ-AMADÉ Stefánia,3,,"ÜCHTRITZ-AMADE grófné báró Bánhidy Stefánia, https://www.geni.com/people/Stef%C3%A1nia-M%C3%A1ria-Karolina-B%C3%A1nhidy-de-Sim%C3%A1nd-BR-b%C3%A1r%C3%B3n%C5%91/6000000056215068195
1891-1971"
UJJ Gyula,1,,NA
ÚJVÁRI Imre László,20,,"nincs wiki. 
viszont oszk alapjan (1925-  ): 
http://nektar.oszk.hu/hu/manifestation/1390207"
UJVÁRY Géza,1,,NA
ÚJVÁRY Sándor,13,https://www.wikidata.org/wiki/Q84080435,
URBÁN Ernő,18,https://www.wikidata.org/wiki/Q1400029,
URBÁN Eszter,1,https://www.wikidata.org/wiki/Q105124653,
URR Ida,1,https://www.wikidata.org/wiki/Q1400128,
VACHOTT Sándor,17,https://www.wikidata.org/wiki/Q1251977,
VÁCI Mihály,91,https://www.wikidata.org/wiki/Q1461328,
VADÁSZ Ferenc,1,,
VADNAI Károly,5,,
VADNAY Emmi,1,,
VÁGÓ Géza,1,,
VAHOT Sándor,1,,
VAJAY Szabolcs,1,,
VAJDA Albert,1,,
VAJDA Ernő,3,,
VAJDA István,1,,
VAJDA János,190,https://www.wikidata.org/wiki/Q830795,
VAJDA Péter,3,,
VÁLYI NAGY Géza,2,,
VÁMOS Imre,1,,
VÁMOS József,3,,
VÁMOS Miklós,5,,
VÁNDOR Iván (Várady Ilona),2,,
VÁRADI Antal,9,,
VÁRADY F.,1,,
VÁRADY Lajos,5,,
VÁRADY Szabolcs,4,,
VARGA Imre,3,,
VARGA István,2,,
VARGHA Gyula,13,https://www.wikidata.org/wiki/Q1401906,
VÁRKONYI Mihály,5,,
VÁRKONYI Nándor,1,,
VÁRNAI Zseni,28,https://www.wikidata.org/wiki/Q1462094,
VARSÁNYI Gyula,4,,
VAS Gereben,3,,
VAS István,99,https://www.wikidata.org/wiki/Q721536,
VASADI Péter,1,,
VÁSÁRHELYI András,2,,
VASKAPUI KAPUY Károly,2,,
VASVÁRI István,18,https://www.wikidata.org/wiki/Q98019643,
VASZARY Gábor,48,https://www.wikidata.org/wiki/Q329308,
VASZARY János,5,,
VÁTH János,4,,
VÉGH György,4,,
VÉR Mátyás,15,https://www.wikidata.org/wiki/Q87283240,
VERES Péter,89,https://www.wikidata.org/wiki/Q576961,
VERESS Endre,1,,
VERESS Miklós,2,,
VERESS Zoltán,4,,
VERŐ György,1,,
VERSEGHY Ferenc,15,https://www.wikidata.org/wiki/Q948875,
VÉRTESI Arnold,8,,
VÉRTESSY Gyula,1,,
VÉSZI Endre,18,https://www.wikidata.org/wiki/Q1462749,
VÉSZI József,2,,
VETÉSI László,1,,
VIDA Irén,1,,
VIDA József,8,,
VIDOR Katalin,3,,
VIDOR Miklós,4,,
VIHAR Béla,10,,
VIKÁR Vera,1,,
VINCZE Alajos,1,,
VIRÁG Benedek,36,https://www.wikidata.org/wiki/Q922623,
VITÉZ György,9,,
VITKOVICS Mihály,13,,"RESOLVE  
már van egy vitkovics, merge azzal"
VITKOVITS Mihály,33,https://www.wikidata.org/wiki/Q716145,vitkoviCS
VOJNOVICH Géza,1,,
VÖRÖSMARTY Mihály,935,https://www.wikidata.org/wiki/Q332484,
VOZÁRI Dezső,4,,
WALLESZ Jenő,1,,
WALLIS A. C. S.,1,,
WASS Albert,7,,
WEÖRES Sándor,608,https://www.wikidata.org/wiki/Q444423,
WLASSICH Gyula báró,6,,
WOENIG Ferenc,1,,
WOHL Janka,6,,
WOHL Stefánia,3,,
ZÁCH Iván,1,,
ZÁGONI Ferenc,2,,
ZAJZONI (Rab István),2,,
ZÁKÁNY Antal,23,https://www.wikidata.org/wiki/Q61070492,
ZALÁR József,7,,
ZALKA Máté,260,https://www.wikidata.org/wiki/Q958527,
ZALKA Miklós,9,,
ZANATHY Kálmán,1,,
ZAY László,6,,
ZAYMUS Gyula,2,,
ZECH Aglája,1,,
ZELK Zoltán,145,https://www.wikidata.org/wiki/Q51030,
ZEMPLÉNI Árpád,8,,
ZICHY Antal,1,,
ZICHY Béláné,1,,
ZICHY Géza,17,https://www.wikidata.org/wiki/Q907074,
ZICHY Péter,1,,
ZILAHY Lajos,214,https://www.wikidata.org/wiki/Q267769,
ZOLNAY Gábor,1,,
ZOLTÁN László,1,,
ZOLTÁN Péter,1,,
ZÓLYOMI Erzsébet,1,,
ZRÍNYI Miklós,44,https://www.wikidata.org/wiki/Q329803,
ZSIGMOND Ede,1,,
ZSIGRAY Julianna,3,,
ZSOLT Béla,8,,
ZYA,1,,
