normalized_city,year,nyelv,n
,1952,örmény,2
,1957,örmény,119
: Új Delhi :,1974,hindi,13
?,1952,örmény,2
Åbo,1879,svéd,61
Amsterdam,1925,holland,2
Amsterdam,1934,holland,2
Amsterdam,1937,holland,3
Amsterdam,1938,német,3
Amsterdam,1939,német,2
Amsterdam,1951,holland,3
Amsterdam,1952,holland,3
Amsterdam,1953,holland,6
Amsterdam,1958,holland,27
Amsterdam,1959,holland,2
Amsterdam,1964,holland,19
Amsterdam,1969,holland,8
Amsterdam,1977,holland,74
Amsterdam,"NA",holland,41
Amsterdam−Antwerpen,1952,holland,2
Amsterdam−Brussels,"NA",holland,3
Angoulème,1939,francia,15
Ankara,1945,török,2
Ankara,1946,török,17
Ankara,1947,török,2
Ankara,1948,török,11
Ankara,1949,török,8
Ankara,195?,török,3
Ankara,1952,török,17
Ankara,1967,török,3
"Ankara, Millî Eğitim Basimevi","Ankara, Millî Eğitim Basimevi",török,2
Ankara−Istanbul,1968,török,3
Ann Arbor,1977,angol,55
Antwerpen,1943,holland,2
Antwerpen,1950,holland,3
Antwerpen,1964,flamand,11
Arad,1939,román,2
Arad,1949,román,2
Assisi,1874,olasz,2
Bacău,1949,román,3
Bad Wörishofen,1953,német,2
Baden-Baden,1929,német,3
Baia Mare,1957,román,9
Baja,1926,német,34
Banská Bystrica,1891,szlovák,112
Banská Bystrica,1909,szlovák,4
Banská Bystrica,1910,szlovák,3
Banská Bystrica,1913,szlovák,3
Banská Bystrica,1914,szlovák,5
Banská Bystrica,1916,szlovák,5
Barcelona,1921,spanyol,39
Barcelona,1930,eszperantó,2
Barcelona,1930,spanyol,2
Barcelona,194?,spanyol,4
Barcelona,1942,spanyol,2
Barcelona,1943,spanyol,2
Barcelona,1944,spanyol,5
Barcelona,1945,spanyol,62
Barcelona,1946,spanyol,2
Barcelona,1947,spanyol,3
Barcelona,1948,spanyol,7
Barcelona,1949,spanyol,3
Barcelona,1950,spanyol,23
Barcelona,1951,spanyol,2
Barcelona,1952,spanyol,5
Barcelona,1958,spanyol,2
Barcelona,1959,spanyol,12
Barcelona,1960,spanyol,6
Barcelona,1962,spanyol,5
Barcelona,1963,spanyol,16
Barcelona,1964,spanyol,2
Barcelona,1965,spanyol,4
Barcelona,1966,spanyol,2
Barcelona,1970,spanyol,3
Barcelona,1976,spanyol,2
Barcelona,"NA",spanyol,30
Basel,1933,német,3
Basel,1961,német,9
Békéscsaba,1890,szlovák,2
Beograd,1951,szerb,2
Beograd,1964,horvát,83
Beograd,1966,horvát,2
Beograd,1969,horvát,46
Beograd,1970,horvát,126
Beograd−Subotica,1965,horvát,70
Berlin,1850,német,18
Berlin,1851,német,3
Berlin,1860,német,66
Berlin,1872,német,2
Berlin,1873,német,5
Berlin,1874,német,4
Berlin,1875,német,2
Berlin,1876,német,3
Berlin,1878,német,3
Berlin,1879,német,5
Berlin,1880,német,4
Berlin,1881,német,7
Berlin,1882,német,6
Berlin,1883,német,3
Berlin,1884,német,11
Berlin,1885,német,8
Berlin,1886,német,19
Berlin,1887,német,14
Berlin,1889,német,6
Berlin,1890,német,8
Berlin,1891,német,72
Berlin,1892,német,6
Berlin,1893,német,12
Berlin,1894,német,14
Berlin,1895,német,2
Berlin,1896,német,5
Berlin,1897,német,10
Berlin,1898,német,3
Berlin,1899,német,2
Berlin,1900,német,6
Berlin,1905,német,39
Berlin,1908,német,2
Berlin,1909,német,4
Berlin,1910,német,6
Berlin,1911,német,3
Berlin,1912,német,3
Berlin,1914,német,2
Berlin,1916,német,3
Berlin,1917,német,3
Berlin,1919,német,2
Berlin,1920,német,3
Berlin,1921,német,6
Berlin,1922,német,24
Berlin,1923,német,25
Berlin,1926,német,21
Berlin,1927,német,23
Berlin,1928,német,2
Berlin,1929,eszperantó,2
Berlin,1929,német,3
Berlin,1930,német,3
Berlin,1931,német,2
Berlin,1941,német,2
Berlin,1946,német,6
Berlin,1947,német,4
Berlin,1948,német,16
Berlin,1949,német,5
Berlin,1950,német,3
Berlin,1951,német,27
Berlin,1952,német,7
Berlin,1953,német,13
Berlin,1954,német,71
Berlin,1955,német,11
Berlin,1956,német,7
Berlin,1957,német,10
Berlin,1958,német,7
Berlin,1959,német,39
Berlin,1960,német,75
Berlin,1961,német,21
Berlin,1962,német,109
Berlin,1963,német,34
Berlin,1964,német,13
Berlin,1965,német,14
Berlin,1966,német,91
Berlin,1967,német,67
Berlin,1968,német,7
Berlin,1969,német,19
Berlin,1970,német,10
Berlin,1971,német,69
Berlin,1972,német,67
Berlin,1973,német,101
Berlin,1974,német,10
Berlin,1975,német,29
Berlin,1976,német,102
Berlin,1977,német,95
Berlin,"NA",német,112
Berlin−Eisenach−Leipzig,1901,német,9
Berlin−Eisenach−Leipzig,1903,német,2
Berlin−Köln−Leipzig,1895,német,2
Berlin−Leipzig,1900,német,5
Berlin−Leipzig,1911,német,3
Berlin−Leipzig,1926,német,41
Berlin−Leipzig,"NA",német,4
Berlin−Potsdam,192?,német,8
Berlin−Stuttgart,1959,német,2
Berlin−Weimar,1977,német,34
Berlin−Wien,1929,német,2
Bern,1868,német,92
Bern,1968,német,9
Bern,"NA",német,2
Bilthoven,1939,holland,17
Bilthoven,1962,holland,2
Boca Raton,1972,angol,850
Bologna,1863,olasz,17
Bologna,1928,olasz,2
Bologna,1931,olasz,3
Bologna,1938,olasz,2
Bologna,1948,olasz,5
Bologna,1959,olasz,2
Boston,1901,angol,2
Boudry,1948,francia,18
Braşov,1863,német,15
Braşov,1929,román,4
Braşov,1930,román,3
Braşov,1931,román,6
Braşov,1933,román,2
Braşov,1934,román,2
Braşov,1935,román,2
Braşov,1936,román,3
Braşov,1938,román,2
Braşov,1945,román,2
Braşov,1949,román,3
Bratislava,1854,német,2
Bratislava,1859,német,11
Bratislava,1904,francia,274
Bratislava,1909,szlovák,2
Bratislava,1910,szlovák,3
Bratislava,1932,cseh,15
Bratislava,1934,szlovák,2
Bratislava,1935,szlovák,5
Bratislava,1936,szlovák,5
Bratislava,1937,szlovák,5
Bratislava,1938,szlovák,4
Bratislava,1939,szlovák,3
Bratislava,1940,szlovák,6
Bratislava,1941,szlovák,44
Bratislava,1942,szlovák,5
Bratislava,1943,szlovák,51
Bratislava,1947,szlovák,2
Bratislava,1948,szlovák,3
Bratislava,1949,szlovák,28
Bratislava,195?,szlovák,2
Bratislava,1950,szlovák,108
Bratislava,1951,szlovák,44
Bratislava,1952,szlovák,93
Bratislava,1953,szlovák,116
Bratislava,1954,szlovák,47
Bratislava,1955,szlovák,8
Bratislava,1956,szlovák,13
Bratislava,1957,szlovák,303
Bratislava,1958,szlovák,13
Bratislava,1959,szlovák,74
Bratislava,1960,szlovák,100
Bratislava,1961,szlovák,160
Bratislava,1962,szlovák,30
Bratislava,1963,szlovák,25
Bratislava,1964,szlovák,96
Bratislava,1965,szlovák,15
Bratislava,1966,szlovák,193
Bratislava,1967,szlovák,73
Bratislava,1968,szlovák,8
Bratislava,1969,szlovák,8
Bratislava,1970,szlovák,6
Bratislava,1971,szlovák,79
Bratislava,1972,szlovák,6
Bratislava,1973,szlovák,162
Bratislava,1974,szlovák,12
Bratislava,1975,szlovák,50
Bratislava,1976,szlovák,265
Bratislava,1978,szlovák,35
"Bratislava, Druhé vyd",1943,szlovák,19
"Bratislava, Treti vyd","Bratislava, Treti vyd.",szlovák,18
Bratislava−Leipzig,1854,német,15
Bratislava−Leipzig,1879,német,2
Braunschweig,1852,német,45
Bregenz,1948,német,2
Bremen,1950,német,2
Brno,1820,német,2
Brno,1899,cseh,8
Brno,1949,cseh,3
Brno,1950,cseh,44
Bruxelles,1928,flamand,2
Bruxelles,1946,francia,4
Bruxelles,1947,francia,2
Bruxelles,1949,francia,2
Bruxelles,1963,francia,70
Bruxelles,1964,francia,16
Bruxelles,1969,francia,62
Bruxelles,1971,francia,11
Bruxelles,1974,francia,8
Bruxelles,1977,francia,51
Bruxelles−Den Haag,1969,holland,111
Bruxelles−Paris,1860,francia,104
Bucureşti,1897,román,8
Bucureşti,1907,román,10
Bucureşti,1909,román,16
Bucureşti,1910,román,4
Bucureşti,1911,román,2
Bucureşti,1913,román,4
Bucureşti,1922,román,7
Bucureşti,1923,román,8
Bucureşti,1924,román,5
Bucureşti,1925,román,8
Bucureşti,1926,román,24
Bucureşti,1927,román,15
Bucureşti,1928,román,13
Bucureşti,1929,román,12
Bucureşti,1930,román,4
Bucureşti,1931,román,2
Bucureşti,1932,román,2
Bucureşti,1933,román,3
Bucureşti,1934,román,11
Bucureşti,1937,román,4
Bucureşti,1938,román,5
Bucureşti,1939,román,6
Bucureşti,1945,román,17
Bucureşti,1947,román,69
Bucureşti,1948,román,153
Bucureşti,1949,német,2
Bucureşti,1949,román,95
Bucureşti,195?,román,2
Bucureşti,1950,román,5
Bucureşti,1951,román,3
Bucureşti,1952,román,7
Bucureşti,1953,román,15
Bucureşti,1954,román,218
Bucureşti,1955,francia,2
Bucureşti,1955,német,7
Bucureşti,1955,román,98
Bucureşti,1956,román,4
Bucureşti,1957,román,204
Bucureşti,1958,román,44
Bucureşti,1959,román,4
Bucureşti,1960,román,123
Bucureşti,1961,román,198
Bucureşti,1962,német,167
Bucureşti,1962,román,66
Bucureşti,1963,német,12
Bucureşti,1963,román,45
Bucureşti,1964,román,70
Bucureşti,1965,román,393
Bucureşti,1966,román,138
Bucureşti,1967,román,121
Bucureşti,1968,német,4
Bucureşti,1968,román,263
Bucureşti,1969,román,331
Bucureşti,1970,német,5
Bucureşti,1970,román,125
Bucureşti,1971,román,215
Bucureşti,1972,román,312
Bucureşti,1973,román,133
Bucureşti,1974,román,24
Bucureşti,1975,román,22
Bucureşti,1976,román,64
Bucureşti,"NA",román,15
Budapest,1829,német,41
Budapest,1839,német,4
Budapest,1841,német,8
Budapest,1842,német,2
Budapest,1843,német,5
Budapest,1844,német,2
Budapest,1850,német,4
Budapest,1852,német,2
Budapest,1853,német,10
Budapest,1854,német,61
Budapest,1855,német,58
Budapest,1856,német,3
Budapest,1858,német,20
Budapest,1860,szlovák,3
Budapest,1861,francia,2
Budapest,1861,német,6
Budapest,1861,olasz,2
Budapest,1861,török,2
Budapest,1863,német,10
Budapest,1864,német,655
Budapest,1865,szlovák,2
Budapest,1866,német,8
Budapest,1867,francia,2
Budapest,1867,német,662
Budapest,1868,héber,20
Budapest,1868,német,4
Budapest,1869,német,2
Budapest,1871,német,2
Budapest,1872,német,200
Budapest,1872,román,2
Budapest,1873,héber,3
Budapest,1873,német,15
Budapest,1874,német,3
Budapest,1874,török,2
Budapest,1875,német,2
Budapest,1876,német,7
Budapest,1877,német,28
Budapest,1877,román,4
Budapest,1878,német,3
Budapest,1879,német,3
Budapest,1880,latin,20
Budapest,1880,német,436
Budapest,1881,francia,2
Budapest,1882,francia,10
Budapest,1883,francia,4
Budapest,1883,német,2
Budapest,1885,francia,7
Budapest,1886,német,71
Budapest,1886,szlovák,6
Budapest,1887,francia,2
Budapest,1887,német,92
Budapest,1887,szlovák,4
Budapest,1888,francia,2
Budapest,1888,német,2
Budapest,1889,német,2
Budapest,1889,volapük,3
Budapest,189?,francia,3
Budapest,1890,francia,7
Budapest,1890,német,56
Budapest,1890,volapük,75
Budapest,1890,Volapük,2
Budapest,1891,német,13
Budapest,1892,német,4
Budapest,1893,német,2
Budapest,1894,német,38
Budapest,1894,német (szász − gründler),10
Budapest,1894,szlovák,5
Budapest,1895,német,107
Budapest,1895,szlovák,4
Budapest,1896,német,102
Budapest,1897,német,3
Budapest,1897,szlovák,2
Budapest,1898,német,10
Budapest,1898,szlovák,3
Budapest,1899,német,2
Budapest,1899,szlovák,3
Budapest,1900,német,5
Budapest,1900,szlovák,6
Budapest,1901,német,2
Budapest,1901,szlovák,2
Budapest,1902,héber,2
Budapest,1903,francia,16
Budapest,1903,német,25
Budapest,1903,román,3
Budapest,1904,német,115
Budapest,1904,román,4
Budapest,1904,szlovák,4
Budapest,1905,német,4
Budapest,1906,angol,22
Budapest,1906,francia,17
Budapest,1906,szlovák,3
Budapest,1907,eszperantó,16
Budapest,1907,német,2
Budapest,1907,szlovák,3
Budapest,1908,angol,2
Budapest,1908,francia,2
Budapest,1908,német,3
Budapest,1908,olasz,2
Budapest,1908,szlovák,4
Budapest,1909,francia,2
Budapest,1909,latin,2
Budapest,1909,német,4
Budapest,1909,olasz,2
Budapest,1909,perzsa,2
Budapest,1909,portugál,2
Budapest,1909,román,3
Budapest,1909,török,3
Budapest,1909,újgörög,2
Budapest,1909,ukrán,2
Budapest,1910,eszperantó,24
Budapest,1910,német,5
Budapest,1910,szlovák,6
Budapest,1911,német,5
Budapest,1911,szlovák,5
Budapest,1912,héber,4
Budapest,1912,német,5
Budapest,1912,szlovák,6
Budapest,1913,német,11
Budapest,1913,szlovák,9
Budapest,1914,német,236
Budapest,1914,szlovák,8
Budapest,1915,német,3
Budapest,1915,szlovák,7
Budapest,1916,német,2
Budapest,1916,szlovák,7
Budapest,1917,eszperantó,7
Budapest,1917,román,4
Budapest,1920,angol,2
Budapest,1920,francia,2
Budapest,1920,német,54
Budapest,1920,olasz,2
Budapest,1921,eszperantó,25
Budapest,1921,francia,7
Budapest,1921,vend,2
Budapest,1922,eszperantó,2
Budapest,1922,szlovák,12
Budapest,1923,eszperantó,5
Budapest,1923,ido,45
Budapest,1923,német,35
Budapest,1923,szlovák,3
Budapest,1924,francia,2
Budapest,1924,szlovák,11
Budapest,1925,francia,4
Budapest,1925,szlovák,3
Budapest,1926,angol,65
Budapest,1926,német,100
Budapest,1926,német (szász − gründler),3
Budapest,1927,német,2
Budapest,1928,francia,12
Budapest,1929,angol,4
Budapest,1929,eszperantó,74
Budapest,193?,francia,15
Budapest,193?,német,61
Budapest,1930,francia,28
Budapest,1930,német,6
Budapest,1931,eszperantó,33
Budapest,1931,francia,3
Budapest,1931,német,6
Budapest,1932,francia,31
Budapest,1932,német,7
Budapest,1933,eszperantó,182
Budapest,1933,francia,26
Budapest,1933,német,84
Budapest,1934,francia,10
Budapest,1934,német,4
Budapest,1935,eszperantó,2
Budapest,1935,francia,35
Budapest,1935,német,185
Budapest,1936,francia,14
Budapest,1936,német,2
Budapest,1937,angol,23
Budapest,1937,francia,32
Budapest,1937,német,3
Budapest,1938,angol,6
Budapest,1938,francia,39
Budapest,1938,német,780
Budapest,1939,angol,14
Budapest,1939,francia,10
Budapest,1939,német,15
Budapest,1940,eszperantó,32
Budapest,1940,francia,13
Budapest,1940,lengyel,11
Budapest,1940,német,40
Budapest,1941,angol,65
Budapest,1941,francia,10
Budapest,1941,lengyel,23
Budapest,1941,német,51
Budapest,1942,francia,9
Budapest,1942,lengyel,47
Budapest,1942,német,120
Budapest,1943,lengyel,149
Budapest,1943,német,29
Budapest,1944,lengyel,10
Budapest,1944,német,121
Budapest,1946,német,14
Budapest,1947,angol,3
Budapest,1947,olasz,31
Budapest,1948,angol,69
Budapest,1948,bolgár,3
Budapest,1948,francia,23
Budapest,1948,lengyel,7
Budapest,1948,orosz,3
Budapest,1948,román,55
Budapest,1952,cseh,5
Budapest,1952,francia,9
Budapest,1952,orosz,6
Budapest,1953,német,2
Budapest,1954,angol,10
Budapest,1954,francia,6
Budapest,1954,német,6
Budapest,1954,orosz,4
Budapest,1955,angol,10
Budapest,1955,francia,11
Budapest,1955,horvát,2
Budapest,1955,német,12
Budapest,1955,orosz,11
Budapest,1956,angol,11
Budapest,1956,francia,11
Budapest,1956,német,12
Budapest,1956,orosz,9
Budapest,1957,angol,2
Budapest,1957,német,69
Budapest,1958,német,2
Budapest,1959,német,6
Budapest,1960,francia,5
Budapest,1960,német,47
Budapest,1961,angol,35
Budapest,1961,eszperantó,19
Budapest,1961,francia,10
Budapest,1961,német,35
Budapest,1961,orosz,3
Budapest,1962,angol,98
Budapest,1962,eszperantó,12
Budapest,1962,német,2
Budapest,1962,orosz,72
Budapest,1963,angol,28
Budapest,1963,eszperantó,28
Budapest,1963,francia,4
Budapest,1963,német,10
Budapest,1963,orosz,585
Budapest,1964,angol,97
Budapest,1964,eszperantó,18
Budapest,1964,francia,2
Budapest,1964,német,68
Budapest,1965,angol,62
Budapest,1965,eszperantó,23
Budapest,1965,francia,201
Budapest,1965,német,58
Budapest,1965,orosz,46
Budapest,1965,spanyol,45
Budapest,1966,angol,17
Budapest,1966,eszperantó,41
Budapest,1966,francia,56
Budapest,1966,német,10
Budapest,1966,olasz,6
Budapest,1966,orosz,5
Budapest,1966,spanyol,9
Budapest,1967,angol,33
Budapest,1967,eszperantó,10
Budapest,1967,francia,156
Budapest,1967,német,5
Budapest,1967,spanyol,68
Budapest,1968,angol,17
Budapest,1968,eszperantó,14
Budapest,1968,francia,24
Budapest,1968,német,34
Budapest,1968,olasz,2
Budapest,1968,orosz,17
Budapest,1968,spanyol,12
Budapest,1969,angol,3
Budapest,1969,eszperantó,11
Budapest,1969,német,6
Budapest,1970,angol,11
Budapest,1970,eszperantó,143
Budapest,1970,francia,33
Budapest,1970,lengyel,6
Budapest,1970,német,409
Budapest,1970,spanyol,3
Budapest,1971,angol,14
Budapest,1971,eszperantó,11
Budapest,1971,finn,2
Budapest,1971,francia,177
Budapest,1971,német,76
Budapest,1971,orosz,5
Budapest,1971,spanyol,3
Budapest,1972,angol,19
Budapest,1972,eszperantó,8
Budapest,1972,francia,30
Budapest,1972,német,8
Budapest,1972,spanyol,19
Budapest,1973,angol,89
Budapest,1973,eszperantó,30
Budapest,1973,finn,4
Budapest,1973,francia,192
Budapest,1973,horvát,8
Budapest,1973,lengyel,3
Budapest,1973,makedón,2
Budapest,1973,német,113
Budapest,1973,olasz,20
Budapest,1973,orosz,5
Budapest,1973,spanyol,5
Budapest,1973,szlovák,9
Budapest,1974,angol,52
Budapest,1974,eszperantó,19
Budapest,1974,francia,6
Budapest,1974,német,2
Budapest,1974,orosz,69
Budapest,1974,spanyol,51
Budapest,1975,angol,16
Budapest,1975,eszperantó,13
Budapest,1975,francia,40
Budapest,1975,német,3
Budapest,1975,olasz,3
Budapest,1975,orosz,4
Budapest,1975,spanyol,4
Budapest,1976,angol,38
Budapest,1976,bolgár,2
Budapest,1976,cseh,2
Budapest,1976,eszperantó,10
Budapest,1976,francia,80
Budapest,1976,holland,2
Budapest,1976,lengyel,3
Budapest,1976,német,11
Budapest,1976,olasz,16
Budapest,1976,orosz,10
Budapest,1976,román,2
Budapest,1976,spanyol,6
Budapest,1976,svéd,3
Budapest,1976,szlovák,2
Budapest,1977,angol,97
Budapest,1977,cseh,26
Budapest,1977,eszperantó,120
Budapest,1977,finn,10
Budapest,1977,francia,255
Budapest,1977,horvát,17
Budapest,1977,lengyel,19
Budapest,1977,német,146
Budapest,1977,norvég,3
Budapest,1977,olasz,42
Budapest,1977,orosz,127
Budapest,1977,román,23
Budapest,1977,spanyol,102
Budapest,1977,szlovák,19
Budapest,1978,eszperantó,7
Budapest,1978,francia,311
Budapest,1978,német,79
Budapest,1979,angol,22
Budapest,1985,német,2
Budapest,"NA",francia,60
Budapest,"NA",német,62
Budapest,"NA",szlovák,16
Budapest−Berlin,1965,német,62
Budapest−Leipzig,1857,német,24
Budapest−Leipzig,1874,német,4
Budapest−Leipzig,1875,német,5
Budapest−Leipzig,1882,német,2
Budapest−Leipzig,1886,német,4
Budapest−Leipzig,1942,német,47
Budapest−Leipzig,"NA",német,2
Budapest−Wien,1828,német,94
Budapest−Wien−Leipzig,1828,német,11
Buenos Aires,1945,spanyol,2
Buenos Aires,1950,spanyol,3
Buenos Aires,1955,spanyol,2
Buenos Aires,1956,spanyol,4
Buenos Aires,1959,spanyol,2
Buenos Aires,1963,spanyol,39
Buffalo,1969,angol,354
Buffalo,1973,angol,208
Bydgoszcz,1949,lengyel,4
Cagliari,1948,olasz,2
Cairo,1952,francia,2
Cairo,1955,arab,39
Cairo,1958,arab,5
Cairo,1960,arab,2
Caracas,1972,spanyol,2
Catania,1948,olasz,3
Cheadle,1973,angol,60
Chicago,1968,angol,18
Chisinau,1960,moldva,2
Cleveland,1936,angol,2
Cluj-Napoca,1880,német,3
Cluj-Napoca,1892,román,3
Cluj-Napoca,1893,román,22
Cluj-Napoca,1894,román,35
Cluj-Napoca,1895,román,16
Cluj-Napoca,1896,román,12
Cluj-Napoca,1897,román,16
Cluj-Napoca,1898,román,9
Cluj-Napoca,1905,német,2
Cluj-Napoca,1921,román,7
Cluj-Napoca,1922,román,6
Cluj-Napoca,1924,román,3
Cluj-Napoca,1925,román,5
Cluj-Napoca,1926,román,11
Cluj-Napoca,1927,román,3
Cluj-Napoca,1932,román,2
Cluj-Napoca,1937,román,4
Cluj-Napoca,1944,román,3
Cluj-Napoca,1947,román,10
Cluj-Napoca,1948,román,49
Cluj-Napoca,1949,román,8
Cluj-Napoca,1974,román,5
Cluj-Napoca−London,"NA",német,45
Coira,1879,rhetoromán,3
Colombo,1973,tamil,3
Como,1880,olasz,7
Copenhagen,1867,dán,39
Copenhagen,1874,dán,2
Copenhagen,1875,dán,2
Copenhagen,1885,dán,9
Copenhagen,1893,dán,6
Copenhagen,1894,dán,2
Copenhagen,1896,dán,34
Copenhagen,1936,dán,2
Copenhagen,1946,dán,2
Copenhagen,1949,dán,2
Copenhagen,1950,dán,2
Copenhagen,1952,dán,3
Copenhagen,1966,dán,3
Copenhagen,1967,dán,4
Copenhagen,1968,dán,68
Copenhagen,1969,dán,9
Copenhagen,1975,dán,4
Craiova,1922,román,2
Craiova,1937,román,7
Craiova,1938,román,2
Craiova,1949,román,2
Cuautla,1965,spanyol,3
Damaskus,1954,arab,4
Darmstadt,1851,német,98
Darmstadt,1856,német,13
Darmstadt,1917,német,16
Darmstadt,1963,német,3
Dasselbe in Budapest,1962,német,3
Den Haag,1953,holland,3
Den Haag,1958,holland,2
Den Haag,"NA",holland,2
Draguignan,1967,angol,8
Dresden,1854,német,59
Dresden,1887,német,2
Dresden,1898,német,6
Dresden,1915,német,30
Dresden−Budapest,1854,német,81
Dresden−Budapest−Praha,"NA",német,2
Dresden−Leipzig,1854,német,3
Dublin,1972,angol,3
Düsseldorf−Köln,1966,német,59
Elberfeld−Leipzig,1866,német,149
Engels,1938,német,2
Englewood Cliffs,1968,angol,3
Filey,1973,angol,2
Firenze,1931,olasz,2
Firenze,1932,olasz,76
Firenze,1943,olasz,53
Firenze,1944,olasz,2
Firenze,1949,olasz,4
Firenze,1951,olasz,176
Firenze,1952,olasz,28
Firenze,1953,olasz,9
Firenze,1955,olasz,7
Firenze,1956,olasz,2
Firenze,1958,olasz,22
Firenze,1967,olasz,83
Firenze,1973,olasz,2
Fönjan,1957,koreai,92
Frankfurt,1926,német,6
Frankfurt,1928,német,3
Frankfurt am Main,1849,német,301
Frankfurt am Main,1891,német,3
Frankfurt am Main,1959,német,21
Frankfurt am Main,1960,német,2
Frankfurt am Main,1961,német,4
Frankfurt am Main,1963,német,2
Frankfurt am Main,1964,német,2
Frankfurt am Main,1966,német,20
Frankfurt am Main,1967,német,26
Frankfurt am Main,1968,német,3
Frankfurt am Main,1969,német,107
Gaurhati,1973,asszami,7
Gdańsk,1949,lengyel,2
Gdańsk,1970,lengyel,2
Genf,1861,német,19
Genf,1945,francia,6
Genf,1946,francia,10
Genova,1957,olasz,38
Göteborg,1973,svéd,9
Graz−Wien,1963,német,17
Gródek Jagielloński,1886,lengyel,3
Gródek Jagielloński,1907,lengyel,2
Gródek Jagielloński,1908,lengyel,2
Gródek Jagielloński,1909,lengyel,2
Győr,1825,német,246
Győr,1902,német,2
Győr,1905,német,3
Győr,1909,német,2
Győr,1914,horvát,3
Győr,"NA",német,12
Haarlem,1924,holland,49
Halle,1850,német,35
Halle am Saale,1886,német,2
Halle am Saale,1887,német,2
Halle am Saale,1888,német,23
Halle am Saale,1966,német,6
Halle am Saale,"NA",német,15
Hamburg,1851,német,2
Hamburg,1940,német,4
Hamburg,1942,német,2
Hamburg,1947,német,6
Hamburg,1948,német,3
Hamburg,1949,német,2
Hamburg,1952,német,3
Hamburg,1953,német,3
Hamburg,1959,német,3
Hamburg,1961,német,3
Hamburg,1967,német,9
Hamburg,1970,német,3
Hämeenlinna,1909,finn,3
Hämeenlinna,1915,finn,2
Hämeenlinna,1970,finn,2
Hannover,1962,német,35
Hanoi,1955,vietnami,3
Hanoi,1957,vietnami,7
Hanoi,1961,vietnami,34
Hanoi,1962,vietnami,65
Hanoi,1963,vietnami,32
Harmondsworth,1970,angol,62
Heidelberg,1913,német,13
Heidelberg,1928,német,2
Helsinki,1845,svéd,2
Helsinki,1861,finn,2
Helsinki,1872,finn,5
Helsinki,1873,finn,2
Helsinki,1874,finn,2
Helsinki,1875,finn,6
Helsinki,1877,finn,3
Helsinki,1878,finn,2
Helsinki,1879,finn,2
Helsinki,1881,finn,3
Helsinki,1889,finn,2
Helsinki,1890,finn,3
Helsinki,1892,finn,2
Helsinki,1895,finn,7
Helsinki,1902,finn,2
Helsinki,1910,finn,15
Helsinki,1912,finn,16
Helsinki,1913,finn,2
Helsinki,1917,finn,3
Helsinki,1919,finn,2
Helsinki,1921,finn,2
Helsinki,1922,finn,2
Helsinki,1923,finn,3
Helsinki,1925,finn,4
Helsinki,1937,finn,2
Helsinki,1951,finn,2
Helsinki,1952,finn,46
Helsinki,1954,finn,3
Helsinki,1955,finn,2
Helsinki,1966,finn,3
Helsinki,1967,finn,2
Helsinki,1970,finn,225
Helsinki,1971,finn,40
Helsinki,1974,finn,9
Iaşi,1949,román,4
Imphal,1971,manibuli,5
Indianapolis,1926,angol,2
Innsbruck,1949,német,3
Iowa,1970,angol,25
Istanbul,1952,török,17
Istanbul,1957,török,2
Istanbul,1969,török,11
Istanbul,1973,török,43
Jerevan,1968,örmény,52
Jerevan,1973,örmény,102
Jyväskylä,1889,finn,4
Jyväskylä,1944,finn,2
Jyväskylä,1951,finn,3
Jyväskylä,1953,finn,2
Kampen,1952,holland,2
Kansas City,1973,angol,4
Kassel,1850,német,53
Katowice,1948,lengyel,2
Katowice,1949,lengyel,5
Kaunas,1948,litván,5
Kikinda,1907,szerb,3
Kikinda,1908,szerb,3
Kikinda,1909,szerb,6
Kikinda,1910,szerb,6
Kikinda,1911,szerb,4
Kikinda,1912,szerb,3
Köln,1932,német,4
Köln,1962,német,2
Köln,1969,német,2
Köln−Wien,1970,német,20
Konstanz,1916,német,5
Konstanz,1917,német,5
Košice,1907,német,2
Košice,1908,német,55
Košice,1977,szlovák,3
Kraków,1903,lengyel,2
Kraków,1930,lengyel,18
Kraków,1931,lengyel,2
Kraków,1948,lengyel,24
Kraków,1949,lengyel,5
Kraków,1951,lengyel,11
Kraków,1971,lengyel,96
Kraków,1977,lengyel,111
Kyiv,1962,ukrán,2
Kyiv,1965,ukrán,3
Kyiv,1977,ukrán,31
Kyoto,1976,eszperantó,3
La Habana,1928,spanyol,16
La Habana,1963,spanyol,9
La Habana,1966,spanyol,24
La Habana,1973,spanyol,53
Lanciano,1931,olasz,3
Laren,196?,holland,12
Lausanne,1946,francia,6
Leiden,1957,holland,2
Leipzig,1840,német,66
Leipzig,1845,német,4
Leipzig,1846,német,65
Leipzig,1848,német,60
Leipzig,1850,német,5
Leipzig,1851,német,7
Leipzig,1852,német,3
Leipzig,1854,német,30
Leipzig,1858,német,225
Leipzig,1871,német,71
Leipzig,1874,német,5
Leipzig,1875,német,2
Leipzig,1878,német,112
Leipzig,1879,német,2
Leipzig,1880,német,46
Leipzig,1885,német,110
Leipzig,1887,német,35
Leipzig,1888,német,2
Leipzig,1889,német,207
Leipzig,1890,német,3
Leipzig,1891,német,2
Leipzig,1894,német,176
Leipzig,1895,német,261
Leipzig,1896,német,6
Leipzig,1897,német,24
Leipzig,1898,német,2
Leipzig,1899,német,22
Leipzig,1900,német,3
Leipzig,1901,német,49
Leipzig,1902,német,2
Leipzig,1906,német,8
Leipzig,1908,német,8
Leipzig,1909,német,40
Leipzig,1910,német,112
Leipzig,1918,német,25
Leipzig,1919,német,3
Leipzig,1920,német,5
Leipzig,1922,német,55
Leipzig,1937,német,2
Leipzig,1938,német,2
Leipzig,1940,német,3
Leipzig,1943,német,2
Leipzig,1944,német,2
Leipzig,1952,német,2
Leipzig,1953,német,3
Leipzig,1954,német,7
Leipzig,1955,német,4
Leipzig,1958,német,126
Leipzig,1959,német,2
Leipzig,1961,német,12
Leipzig,1963,német,48
Leipzig,1965,német,9
Leipzig,1967,német,13
Leipzig,1968,német,3
Leipzig,1969,német,10
Leipzig,1970,német,31
Leipzig,1972,német,13
Leipzig,1973,német,97
Leipzig,1974,német,38
Leipzig,"NA",német,300
Leipzig−Budapest,1874,német,85
Leipzig−Budapest,1875,német,135
Leipzig−Budapest,1878,német,2
Leipzig−Budapest,1886,német,8
Leipzig−Wien,1887,német,11
Leipzig−Wien,1897,német,271
Leipzig−Wien−Zürich,1921,német,74
Liège−Paris,1944,francia,2
Liptovský Sv. Mikuláš,1911,szlovák,55
Liptovský Sv. Mikuláš,1914,szlovák,5
Liptovský Sv. Mikuláš,1944,szlovák,19
Liptovský Sv. Mikuláš,1948,szlovák,10
Liptovský Sv. Mikuláš,1960,szlovák,17
Liptovský Sv. Mikuláš,"NA",szlovák,2
Lisboa,196?,portugál,3
Lisboa,1960,portugál,3
Lisboa,"NA",portugál,46
Ljubljana,1960,szlovén,37
Ljubljana,1967,szlovén,4
Lochem,1953,holland,2
Lochem,1963,holland,3
Łódź,1886,lengyel,2
Łódź,1949,lengyel,8
London,1830,angol,164
London,1850,angol,4
London,1851,angol,3
London,1865,angol,2
London,1875,angol,9
London,1877,angol,65
London,1877,német,12
London,1881,angol,29
London,1886,angol,77
London,1889,angol,54
London,1890,angol,17
London,1892,angol,7
London,1893,angol,2
London,1894,angol,20
London,1895,angol,3
London,1896,angol,4
London,1897,angol,8
London,1898,angol,2
London,1899,angol,5
London,1900,angol,7
London,1901,angol,3
London,1902,angol,3
London,1903,angol,2
London,1904,angol,5
London,1906,angol,2
London,1908,angol,3
London,1909,angol,3
London,1910,angol,3
London,1911,angol,30
London,1913,angol,28
London,1916,angol,2
London,1918,angol,2
London,1921,angol,2
London,1925,angol,2
London,1928,angol,2
London,1929,angol,3
London,1931,angol,2
London,1932,angol,2
London,1934,angol,60
London,1936,angol,29
London,1937,angol,54
London,1938,angol,2
London,1939,angol,2
London,194?,angol,4
London,1941,angol,2
London,1942,angol,2
London,1943,angol,14
London,1944,angol,5
London,1945,angol,11
London,1946,angol,6
London,1947,angol,7
London,1948,angol,8
London,1949,angol,6
London,1954,angol,3
London,1958,angol,2
London,1961,angol,2
London,1961,spanyol,2
London,1963,angol,34
London,1964,angol,3
London,1965,angol,2
London,1966,angol,40
London,1967,angol,23
London,1970,angol,15
London,1971,angol,34
London,1972,angol,2
London,London.,angol,4
London,"NA",angol,8
London−New-York,1852,angol,4
Louvain,1895,francia,48
Lübeck,"NA",német,6
Lučenec,1902,szlovák,7
Lučenec,1914,szlovák,6
Lviv,1882,lengyel,2
Lviv,1886,lengyel,2
Lviv,1907,lengyel,2
Lviv,1908,lengyel,2
Lviv,"NA",lengyel,4
Madras,1967,angol,19
Madras,1974,angol,12
Madrid,192?,spanyol,4
Madrid,1920,spanyol,2
Madrid,1922,spanyol,28
Madrid,1923,spanyol,9
Madrid,1952,spanyol,2
Madrid,1962,spanyol,3
Madrid,1965,spanyol,2
Madrid,1969,spanyol,7
Madrid,1975,spanyol,61
Madrid,"NA",spanyol,16
Manila,1935,spanyol,6
Manila,1935,tagalog,6
Mantova,1906,olasz,2
Maribor,1966,szlovén,2
Marseille,1948,francia,9
Martin,1904,szlovák,5
Martin,1911,szlovák,2
Martin,1935,szlovák,2
Martin,1942,szlovák,73
Martin,1946,szlovák,3
Martin,1950,szlovák,2
Martin,1952,szlovák,3
Martin,1954,szlovák,3
Mexico,1964,spanyol,24
Mexico,1968,spanyol,4
Michigan,1974,angol,3
Midlothian,1976,angol,28
Milano,1863,olasz,2
Milano,1880,olasz,64
Milano,1904,olasz,95
Milano,191?,olasz,360
Milano,1913,olasz,3
Milano,1926,olasz,2
Milano,1928,olasz,14
Milano,1929,olasz,78
Milano,1930,olasz,5
Milano,1931,olasz,74
Milano,1932,olasz,10
Milano,1933,olasz,31
Milano,1934,olasz,43
Milano,1935,olasz,11
Milano,1936,olasz,11
Milano,1937,olasz,17
Milano,1938,olasz,112
Milano,1939,olasz,17
Milano,1940,olasz,243
Milano,1941,olasz,28
Milano,1942,olasz,45
Milano,1943,olasz,45
Milano,1944,olasz,7
Milano,1945,olasz,13
Milano,1946,olasz,8
Milano,1947,olasz,7
Milano,1948,olasz,55
Milano,1949,olasz,2
Milano,195?,olasz,3
Milano,1951,olasz,7
Milano,1952,olasz,2
Milano,1954,olasz,3
Milano,1957,olasz,81
Milano,1958,olasz,15
Milano,1959,olasz,96
Milano,1960,olasz,113
Milano,1961,olasz,2
Milano,1962,olasz,129
Milano,1963,olasz,20
Milano,1964,olasz,140
Milano,1965,olasz,9
Milano,1966,olasz,6
Milano,1969,olasz,2
Milano,1972,olasz,128
Milano,1978,olasz,37
Milano,"NA",olasz,20
Milano−Palermo−Napoli,1911,olasz,709
Milano−Palermo−Napoli,1912,olasz,2
Milano−Palermo−Napoli,1913,olasz,115
Milano−Roma,1940,olasz,3
"Milford, Conn",1947,angol,7
Minden,1886,német,93
Minden,1891,német,27
Miskolc,1887,héber,9
Moscow,1936,német,4
Moscow,1939,német,3
München,1860,német,5
München,1867,német,73
München,1913,német,3
München,1916,német,6
München,1917,német,4
München,1918,német,92
München,1920,német,2
München,1923,német,2
München,1924,német,2
München,1952,német,3
München,1954,német,5
München,1956,német,3
München,1959,német,2
München,1961,német,2
München,1962,német,5
München,1963,angol,259
München,1963,német,2
München,1964,német,3
München,1965,német,73
München,1966,német,3
München,1967,német,3
München,1970,német,4
München,"NA",német,73
Murska Sobota,1962,szlovén,2
Murska Sobota,1966,szlovén,3
Murska Sobota,1966,vend,2
Murska Sobota,1967,vend,2
Murska Sobota,1968,vend,3
Murska Sobota,1969,szlovén,26
Murska Sobota,1969,vend,2
Murska Sobota,1973,vend,2
Murska Sobota,1977,szlovén,50
Nagykanizsa,1882,német,56
Nayarit,1967,spanyol,3
New Delhi,1954,angol,2
New Delhi,1955,angol,2
New York,1852,angol,23
New York,1877,angol,2
New York,1881,angol,82
New York,1887,angol,105
New York,1889,angol,2
New York,1892,angol,2
New York,1897,angol,3
New York,1898,angol,3
New York,1899,angol,242
New York,190?,angol,2
New York,1900,angol,4
New York,1908,angol,236
New York,1912,angol,140
New York,1914,angol,28
New York,1927,angol,2
New York,1928,angol,35
New York,1929,angol,4
New York,1930,angol,26
New York,1931,angol,3
New York,1945,angol,3
New York,1946,francia,2
New York,1948,angol,2
New York,1949,angol,2
New York,1950,angol,19
New York,1952,angol,3
New York,1953,angol,3
New York,1963,angol,4
New York,1964,angol,82
New York,1965,angol,2
New York,1968,angol,3
New York,1972,angol,81
New York,1974,angol,2
New York,1977,angol,196
New York,w.y.,angol,3
New York−Cleveland,1920,angol,6
New York−London,1968,angol,2
New-York−London,w.y.,angol,2
Noto,1881,olasz,2
Noto,1891,olasz,3
Noto,1904,olasz,3
Novi Sad,1857,szerb,2
Novi Sad,1860,szerb,2
Novi Sad,1871,szerb,3
Novi Sad,1882,szerb,29
Novi Sad,1907,szerb,59
Novi Sad,1910,szerb,2
Novi Sad,1946,szerb,28
Novi Sad,1951,szerb,2
Novi Sad,1953,szerb,105
Novi Sad,1955,horvát,2
Novi Sad,1961,horvát,107
Novi Sad,1963,horvát,4
Novi Sad,1964,horvát,20
Novi Sad,1965,horvát,38
Novi Sad,1976,horvát,11
Novi Sad,1976,szerb,40
Oradea,1882,román,3
Oradea,1883,román,4
Oradea,1884,román,2
Oradea,1921,román,4
Oradea,1922,román,105
Oradea,1926,román,3
Oradea,1927,román,3
Oradea,1930,román,73
Oradea,1934,román,3
Oradea,1935,román,3
Oradea,1938,román,3
Oradea,1949,román,2
Orăştie,1911,román,2
Orăştie,1912,román,2
Orăştie,1913,román,2
Orăştie,1914,román,2
Oslo,1933,norvég,2
Oslo,1952,norvég,2
Oslo,1973,norvég,31
Oslo,1974,norvég,41
Oslo,1975,norvég,81
"Övergedruckt uit de ""Gids""",1889,holland,20
"Övergedrukt uit de ""Gids""",1889,holland,7
Oxford,1966,angol,6
Palermo,1922,olasz,5
Palermo−Milano−Napoli,1912,olasz,2
Pančevo,1900,német,2
Pančevo,"NA",német,4
Paris,1813,francia,6
Paris,1856,francia,21
Paris,1860,francia,14
Paris,1871,francia,203
Paris,1872,francia,68
Paris,1873,francia,94
Paris,1876,francia,2
Paris,1877,francia,19
Paris,1880,francia,3
Paris,1881,francia,2
Paris,1885,francia,10
Paris,1886,francia,4
Paris,1887,francia,3
Paris,1890,francia,15
Paris,1891,francia,78
Paris,1894,francia,2
Paris,1895,francia,4
Paris,1896,francia,232
Paris,1897,francia,6
Paris,1898,francia,88
Paris,1900,francia,21
Paris,1910,francia,6
Paris,1911,francia,2
Paris,1912,francia,3
Paris,1922,francia,6
Paris,1923,francia,47
Paris,1925,francia,9
Paris,1925,német,10
Paris,1926,francia,77
Paris,1927,francia,97
Paris,1928,francia,2
Paris,1929,francia,60
Paris,1930,francia,41
Paris,1931,francia,9
Paris,1933,francia,2
Paris,1935,francia,4
Paris,1936,francia,250
Paris,1937,francia,168
Paris,1938,francia,117
Paris,1940,francia,19
Paris,1941,francia,61
Paris,1942,francia,2
Paris,1943,francia,2
Paris,1944,francia,6
Paris,1945,francia,8
Paris,1946,francia,43
Paris,1947,francia,17
Paris,1948,francia,14
Paris,1949,francia,18
Paris,1950,francia,2
Paris,1951,francia,4
Paris,1952,francia,33
Paris,1953,francia,8
Paris,1954,francia,10
Paris,1955,francia,79
Paris,1956,francia,42
Paris,1957,francia,42
Paris,1958,eszperantó,2
Paris,1958,francia,44
Paris,1959,francia,3
Paris,1959,lengyel,2
Paris,1960,francia,4
Paris,1961,francia,128
Paris,1962,francia,534
Paris,1963,francia,119
Paris,1964,francia,40
Paris,1965,francia,38
Paris,1966,francia,90
Paris,1967,francia,95
Paris,1968,francia,2
Paris,1969,francia,15
Paris,1970,francia,108
Paris,1971,francia,8
Paris,1972,francia,17
Paris,1973,francia,18
Paris,1974,francia,55
Paris,1975,francia,75
Paris,1976,francia,3
Paris,1977,francia,37
Paris,1978,francia,21
Paris,"NA",francia,19
Parma,1962,olasz,147
Parma,1963,olasz,36
Parma,1970,olasz,40
Peking,1930,kínai,2
Peking,1953,kínai,9
Peking,1954,kínai,104
Peking,1955,kínai,25
Peking,1956,kínai,7
Peking,1957,kínai,36
Peking,1958,kínai,4
Peking,1959,kínai,42
Peking,1960,kínai,3
Periam,1913,német,2
Philadelphia,1850,angol,2
Philadelphia,1885,angol,42
Pittsburgh,1973,angol,3
Plzen,1914,cseh,11
Porvoo,1891,finn,7
Porvoo,1892,finn,26
Porvoo,1904,finn,16
Porvoo,1922,finn,41
Porvoo,1926,finn,214
Porvoo,1927,finn,2
Porvoo,1930,finn,3
Porvoo,1973,finn,23
Poznań,1879,lengyel,2
Poznań,1928,lengyel,2
Praha,1870,cseh,123
Praha,1878,cseh,2
Praha,1881,cseh,2
Praha,1882,cseh,4
Praha,1884,cseh,2
Praha,1885,cseh,3
Praha,1886,cseh,12
Praha,1887,cseh,2
Praha,1888,cseh,2
Praha,1889,cseh,6
Praha,1891,cseh,4
Praha,1892,cseh,16
Praha,1893,cseh,2
Praha,1894,cseh,7
Praha,1896,cseh,4
Praha,1898,cseh,14
Praha,1901,cseh,3
Praha,1907,cseh,205
Praha,1912,cseh,3
Praha,1913,cseh,3
Praha,1914,cseh,3
Praha,1917,cseh,2
Praha,1922,cseh,2
Praha,1923,cseh,3
Praha,1924,cseh,3
Praha,1925,cseh,7
Praha,1926,cseh,7
Praha,1926,német,6
Praha,1927,cseh,2
Praha,1928,cseh,12
Praha,1933,német,4
Praha,1935,szlovák,3
Praha,1936,cseh,2
Praha,1938,német,2
Praha,1939,cseh,2
Praha,1941,cseh,2
Praha,1942,cseh,6
Praha,1943,cseh,2
Praha,1948,cseh,2
Praha,1949,cseh,7
Praha,1950,cseh,74
Praha,1950,szlovák,2
Praha,1951,cseh,46
Praha,1952,cseh,24
Praha,1953,cseh,198
Praha,1954,cseh,11
Praha,1955,cseh,5
Praha,1956,cseh,7
Praha,1956,szlovák,3
Praha,1957,cseh,49
Praha,1958,cseh,48
Praha,1959,cseh,117
Praha,1960,cseh,27
Praha,1961,cseh,47
Praha,1962,cseh,16
Praha,1963,cseh,12
Praha,1964,cseh,204
Praha,1965,cseh,67
Praha,1966,cseh,248
Praha,1967,cseh,14
Praha,1968,cseh,6
Praha,1969,cseh,16
Praha,1970,cseh,5
Praha,1971,cseh,2
Praha,1972,cseh,7
Praha,1973,cseh,40
Praha,1974,cseh,8
Praha,1976,cseh,44
Praha,"NA",cseh,23
Praha,"NA",német,37
"Praha, ?",1934,német,2
Praha−Leipzig,1866,német,17
Prešov,1880,német,17
Prešov,1909,szlovák,3
Prešov,1911,szlovák,3
Prešov,1912,szlovák,3
Prešov,1913,szlovák,3
Prešov,1914,szlovák,3
Pristina,1967,albán,2
Putignano,1970,olasz,81
Quezon City,1966,spanyol,2
Ragusa,1901,olasz,33
Rangun,1972,burmai,4
Regensburg−Leipzig,1923,német,3
Reinbek,1973,német,2
Reşiţa,1890,német,4
Riga,1911,lett,2
Riga,1956,liv,2
Riga,1959,lett,2
Riga,1965,lett,3
Riga,1966,lett,21
Riga,1967,lett,2
Riga,1970,lett,48
Riga,1971,lett,3
Riga,1973,lett,103
Riga,1976,lett,83
Riga,1977,lett,4
Rijeka,1872,olasz,7
Rijeka,1882,olasz,3
Rijeka,1903,olasz,32
Rijeka,1904,olasz,2
Rijeka,1908,olasz,2
Rijeka,1910,olasz,28
Rijeka,1911,olasz,16
Rijeka,1914,olasz,27
Rijeka,1959,horvát,2
Rio de Janeiro,1954,portugál,13
Rio de Janeiro,1958,portugál,30
Rio de Janeiro,1965,portugál,3
Roma,1921,olasz,3
Roma,1922,olasz,4
Roma,1925,olasz,6
Roma,1927,olasz,4
Roma,1929,olasz,5
Roma,1933,olasz,18
Roma,1934,olasz,2
Roma,1936,olasz,78
Roma,1938,olasz,4
Roma,1939,olasz,26
Roma,1940,olasz,14
Roma,1941,olasz,5
Roma,1942,olasz,11
Roma,1943,olasz,3
Roma,1944,olasz,4
Roma,1945,olasz,15
Roma,1946,olasz,2
Roma,1947,olasz,18
Roma,1948,olasz,31
Roma,1952,olasz,5
Roma,1955,olasz,7
Roma,1956,olasz,2
Roma,1964,olasz,82
Roma,1971,olasz,70
Roma,"NA",olasz,6
Rotterdam,1937,eszperantó,104
Rotterdam,"NA",holland,2
Rzeszów,1887,lengyel,2
Salzburg,1971,német,116
Salzburg,1974,német,55
Santalcangelo,1897,olasz,37
Santalcangelo−Romagna,1897,olasz,2
Sarajevo,1958,horvát,2
Sarajevo,1964,horvát,2
Sarajevo,1972,horvát,61
Sarajevo−Zagreb,1955,horvát,2
Satu-Mare,1949,román,2
Shanghai,1951,kínai,39
Shanghai,1953,kínai,20
Shanghai,1954,kínai,4
Shanghai,1955,kínai,2
Shanghai,1956,kínai,7
Shanghai,1957,kínai,14
Shanghai−Peking,1951,kínai,2
Sibiu,1879,német,3
Sibiu,1891,német,588
Sibiu,1907,román,5
Sibiu,1908,román,2
Sibiu,1909,román,3
Sibiu,1911,román,3
Sibiu,1912,román,2
Sibiu,1921,román,3
Sibiu,1922,román,6
Sibiu,1923,román,4
Sibiu,1928,román,2
Sibiu,1949,román,2
Siena,1948,olasz,2
Skalica,1909,szlovák,2
Sopron,1894,német,2
Sopron,1901,német,24
St. Gallen,1963,német,41
St. Louis,1971,angol,9
St. Louis,1972,angol,2
St. Louis,1972,francia,23
"St. Louis, Mo",1972,angol,2
Stockholm,1881,svéd,2
Stockholm,1882,svéd,10
Stockholm,1888,svéd,49
Stockholm,1889,svéd,3
Stockholm,1897,svéd,2
Stockholm,1913,svéd,2
Stockholm,1922,svéd,62
Stockholm,1932,svéd,19
Stockholm,1938,svéd,2
Stockholm,1939,svéd,5
Stockholm,1940,svéd,2
Stockholm,1941,svéd,3
Stockholm,1942,svéd,3
Stockholm,1943,svéd,4
Stockholm,1944,svéd,59
Stockholm,1947,svéd,3
Stockholm,1952,svéd,8
Stockholm,1960,svéd,2
Stockholm,1966,svéd,21
Stockholm,1967,svéd,3
Stockholm,1968,svéd,67
Stockholm,1969,svéd,2
Stockholm,1970,svéd,15
Stockholm,1973,svéd,60
Stockholm,1974,svéd,3
Strassburg,1910,német,15
Stuttgart,1850,német,2
Stuttgart,1879,német,47
Stuttgart,1891,német,4
Stuttgart,1893,német,3
Stuttgart,1895,német,2
Stuttgart,1897,német,12
Stuttgart,1898,német,2
Stuttgart,1953,német,14
Stuttgart,1965,német,38
Stuttgart,1966,német,4
Stuttgart,1969,német,7
Stuttgart,1971,német,2
Stuttgart,"NA",német,2
Stuttgart−Berlin,1951,német,2
Stuttgart−Berlin,1952,német,2
Stuttgart−Leipzig,1897,német,100
Stuttgart−Leipzig,1899,német,7
Stuttgart−Tübingen,1825,német,123
Stuttgart−Tübingen,1837,német,12
Subotica,1914,horvát,296
Subotica,1963,horvát,19
Sydney,1955,angol,113
Szerenin,1949,lengyel,2
Szombathely,1940,angol,5
T.C. 8:o 2 siden,T.C. 8:o 2 siden,svéd,2
Tallinn,1902,észt,2
Tallinn,1911,észt,2
Tallinn,1924,észt,2
Tallinn,1954,észt,9
Tallinn,1955,észt,68
Tallinn,1957,észt,2
Tallinn,1958,észt,10
Tallinn,1960,észt,31
Tallinn,1961,észt,2
Tallinn,1963,észt,2
Tallinn,1964,észt,114
Tallinn,1973,észt,126
Tampere,1970,finn,193
Târgu-Mureş,1949,román,2
Tarnav,1949,román,2
Tartu,1884,észt,2
Tartu,1887,észt,5
Tartu,1888,észt,21
Tartu,1891,észt,2
Tartu,1899,észt,2
Tartu,1900,észt,2
Tartu,1903,észt,2
Tartu,1904,észt,10
Tartu,1914,észt,4
Tartu,1922,észt,3
Tartu,1925,észt,11
Tartu,1929,észt,4
Tartu,1930,észt,4
Tartu,1959,észt,50
Tbilisi,1949,grúz,48
Teaneck,1966,angol,35
Teheran,1952,perzsa,45
Teheran,1954,perzsa,4
Tel Aviv,1930,héber,2
Tel Aviv,1940,héber,2
Tel Aviv,1942,héber,2
Tel Aviv,1948,héber,18
Tel Aviv,1952,héber,169
Tel Aviv,1953,héber,2
Tel Aviv,1954,héber,168
Tel Aviv,1955,héber,12
Tel Aviv,1956,héber,2
Tel Aviv,1957,héber,2
Tel Aviv,1958,héber,2
Tel Aviv,1959,héber,2
Tel Aviv,1960,héber,72
Tel-Aviv,1960,héber,4
Tepic,1966,spanyol,2
Thuin,1971,francia,3
Timișoara,1936,román,2
Timișoara,1949,román,3
Tirana,1956,albán,18
Tirana,1960,albán,114
Tokyo,1927,japán,4
Tokyo,1936,japán,28
Tokyo,1938,japán,22
Tokyo,1940,japán,2
Tokyo,1941,japán,54
Tokyo,1951,japán,2
Tokyo,1955,japán,162
Tokyo,1958,japán,3
Tokyo,1966,japán,18
Tokyo,1969,japán,7
Tokyo,1973,japán,62
Torino,1913,olasz,2
Torino,1931,olasz,24
Torino,1936,olasz,10
Torino,1937,olasz,103
Torino,1939,francia,11
Torino,1939,olasz,18
Torino,1941,olasz,2
Torino,1942,olasz,23
Torino,195?,olasz,23
Torino,1957,olasz,2
Torino,1958,olasz,4
Torino,1960,olasz,96
Torino−Milano−Padova,1937,olasz,8
Toronto,1966,angol,301
Toronto,1968,angol,68
Toronto−New York−London,1970,angol,21
Třebice,1896,cseh,2
Trnava,1893,szlovák,95
Trnava,1945,szlovák,2
Tübingen,1975,német,23
Tunis,1974,francia,27
Turda,1934,román,2
Turda,1936,román,6
Turda,1937,román,15
Turda,1938,román,6
Turda,1939,román,5
Turnu-Măgurele,1936,román,2
Udine,1909,olasz,2
Udine,1948,olasz,2
Utrecht,1964,holland,2
Vaduz,1965,német,11
Velky-Meziric,1893,cseh,9
Velký-Meziric,1893,cseh,5
Venezia,1885,olasz,16
Verona,1909,olasz,2
Viljandi,1899,észt,2
Vilnius,1951,litván,29
Vilnius,1953,litván,25
Vilnius,1956,litván,3
Vilnius,1958,litván,5
Vilnius,1960,litván,2
Vilnius,1965,litván,3
Vilnius,1966,litván,2
Vilnius,1973,litván,20
Warszawa,1859,lengyel,7
Warszawa,1862,lengyel,2
Warszawa,1871,lengyel,2
Warszawa,1879,lengyel,2
Warszawa,1880,lengyel,46
Warszawa,1881,lengyel,2
Warszawa,1882,lengyel,2
Warszawa,1883,lengyel,2
Warszawa,1884,lengyel,4
Warszawa,1885,lengyel,4
Warszawa,1886,lengyel,7
Warszawa,1889,lengyel,2
Warszawa,1890,lengyel,3
Warszawa,1892,lengyel,2
Warszawa,1894,lengyel,2
Warszawa,1903,lengyel,2
Warszawa,1904,lengyel,2
Warszawa,1932,lengyel,2
Warszawa,1934,lengyel,2
Warszawa,1935,lengyel,2
Warszawa,1936,lengyel,4
Warszawa,1937,lengyel,2
Warszawa,1938,lengyel,2
Warszawa,1948,lengyel,10
Warszawa,1949,lengyel,23
Warszawa,1950,lengyel,15
Warszawa,1951,lengyel,151
Warszawa,1952,lengyel,10
Warszawa,1953,lengyel,100
Warszawa,1954,lengyel,12
Warszawa,1955,lengyel,4
Warszawa,1956,lengyel,85
Warszawa,1957,lengyel,6
Warszawa,1958,lengyel,4
Warszawa,1959,lengyel,38
Warszawa,1960,lengyel,25
Warszawa,1961,lengyel,6
Warszawa,1962,lengyel,6
Warszawa,1963,lengyel,3
Warszawa,1964,lengyel,13
Warszawa,1965,lengyel,9
Warszawa,1966,lengyel,8
Warszawa,1967,lengyel,65
Warszawa,1968,lengyel,27
Warszawa,1969,lengyel,5
Warszawa,1970,lengyel,42
Warszawa,1971,lengyel,82
Warszawa,1972,lengyel,68
Warszawa,1973,lengyel,209
Warszawa,1974,lengyel,12
Warszawa,1975,lengyel,365
Warszawa,1976,lengyel,10
Warszawa,1977,lengyel,4
Warszawa,1978,lengyel,8
Warszawa,"NA",lengyel,7
"Warszawa, ?",1889,lengyel,3
Washington,1946,angol,61
Washington,1947,angol,30
Washington,1968,angol,37
Weimar,1918,német,61
Weimar,1919,német,2
Weimar,1953,német,11
Weimar,1954,német,48
Weimar,1955,német,233
Weimar,1965,német,4
Wien,1800,német,11
Wien,1814,német,2
Wien,1819,német,2
Wien,1820,német,2
Wien,1828,német,2
Wien,1846,német,3
Wien,1848,német,2
Wien,1869,német,35
Wien,1878,német,3
Wien,1882,német,23
Wien,1885,német,48
Wien,1886,német,61
Wien,1889,német,2
Wien,1894,héber,21
Wien,1895,német,3
Wien,1896,német,9
Wien,1897,német,2
Wien,1898,német,2
Wien,1899,német,2
Wien,1903,német,2
Wien,1904,német,3
Wien,1907,német,77
Wien,1912,német,2
Wien,1918,német,53
Wien,1922,német,2
Wien,1923,német,14
Wien,1925,német,2
Wien,1926,német,2
Wien,1931,német,2
Wien,1932,német,2
Wien,1933,német,11
Wien,1936,német,3
Wien,1937,német,58
Wien,1938,német,6
Wien,1940,német,2
Wien,1941,német,3
Wien,1943,német,8
Wien,1946,német,2
Wien,1947,német,7
Wien,1948,német,34
Wien,1949,német,24
Wien,195?,német,2
Wien,1950,német,5
Wien,1951,német,9
Wien,1952,német,18
Wien,1953,német,12
Wien,1954,német,4
Wien,1955,német,17
Wien,1958,német,7
Wien,1959,német,2
Wien,1961,német,41
Wien,1965,német,5
Wien,1967,német,21
Wien,197?,német,2
Wien,1972,német,33
Wien,"NA",német,19
Wien ?,189?,német,6
Wien-Berlin,1921,német,8
Wien-Gran,1868,német,3
Wien?,189?,német,8
Wien−Berlin−Stuttgart,1962,német,2
Wien−Budapest,189?,német,2
Wien−Budapest,1895,német,9
Wien−Budapest,"NA",német,7
Wien−Budapest−Leipzig,1872,német,2
Wien−Budapest−Leipzig,189?,német,4
Wien−Budapest−Leipzig,1895,német,20
Wien−Budapest−Leipzig,"NA",német,49
Wien−Gran,1868,német,4
Wien−Graz,1868,német,5
Wien−Hamburg,1966,német,3
Wien−Hamburg,1967,német,40
Wien−Leipzig,1892,német,26
Wien−Leipzig,1905,német,2
Wien−Leipzig,1910,német,418
Wien−Leipzig,1912,német,2
Wien−Leipzig,1913,német,14
Wien−Leipzig,1919,német,341
Wien−Leipzig,1925,német,45
Wien−Leipzig,1936,német,3
Wien−Leipzig,"NA",német,2
"Wien−Leipzig, 2. auflage",1919,német,2
"Wien−Leipzig, 2. Auflage",1919,német,28
"Wien−Leipzig, 2. ausgabe",1919,német,2
"Wien−Leipzig, 2. Ausgabe",1919,német,35
Wien−Leipzig−Zürich,1921,német,3
Wien−Pressburg,1884,német,5
Wien−Stuttgart−Berlin,1957,német,2
Wiesbaden,1960,német,2
Winnipeg,1933,angol,125
Wrocław,1886,német,5
Wrocław,1895,német,2
Wrocław,1901,német,5
Wrocław,1902,német,715
Wrocław,1905,német,704
Wrocław,1909,német,2
Wrocław,1949,lengyel,2
Wrocław,"NA",német,48
Wrocław−Leipzig−New-York,1902,német,2
Zagreb,1914,horvát,2
Zagreb,1924,horvát,3
Zagreb,1931,horvát,2
Zagreb,1951,horvát,257
Zagreb,1955,horvát,2
Zagreb,1960,horvát,4
Zagreb,1961,horvát,2
Zagreb,1962,horvát,2
Zagreb,1963,horvát,4
Zagreb,1967,horvát,3
Zagreb,1971,horvát,32
Zagreb,"NA",horvát,4
Zrenjanin,1898,szerb,3
Zrenjanin,1914,német,3
Zürich,1919,német,5
Zürich,1933,német,3
Zürich,1942,német,2
Zürich,1948,német,3
Zürich,1953,német,3
Zürich,1957,német,4
Zürich,1967,német,5
Zürich,1968,német,7
Zürich,1974,német,17
Zürich−Leipzig,1923,német,2
Zürich−Leipzig−Wien,1923,német,10
Zürich−Wien,1923,német,2
Zürich−Wien−Leipzig,1923,német,7
Zutphen,1929,holland,101
Алматы,1954,kazah,2
Алматы,1955,kazah,144
Алматы,1956,kazah,31
Алматы,1957,kazah,2
Алматы,1966,kazah,30
Алматы,1969,kazah,211
Алмута,1954,ujgur,10
Ашгабат,1955,türkmén,89
ӘФӘ,1961,baskir,55
Бакы,1948,türk,5
Бакы,1953,azerbajdzsán,2
Бакы,1956,azerbajdzsán,71
Бакы,1964,azerbajdzsán,22
БАКЫ,1948,türk,2
Београд,1927,szerb,3
Београд,1930,szerb,5
Београд,1940,szerb,2
Београд,1951,szerb,13
Београд,1952,szerb,22
Београд,1956,szerb,4
Београд,1963,szerb,52
Београд,1964,szerb,65
Београд,1965,szerb,44
Београд,1969,szerb,3
Будапеща,1977,bolgár,15
Варна,1969,bolgár,23
Вудапешт,1956,orosz,2
Вудапеща,1977,bolgár,3
Душанбе,1964,tadzsik,29
Душанбе,1969,tadzsik,32
Ижевск,1975,orosz,15
Ижевск,1975,udmurt,16
Казан,1955,tatár,11
Київ,1949,ukrán,98
Київ,1954,ukrán,9
Київ,1955,ukrán,3
Київ,1956,ukrán,39
Київ,1959,ukrán,114
Київ,1960,ukrán,46
Київ,1965,ukrán,10
Київ,1966,ukrán,28
Київ,1969,ukrán,19
Київ,1972,ukrán,151
Київ,1973,ukrán,2
Київ,1974,ukrán,15
Кишинэу,1954,moldva,103
Кнїв,1949,ukrán,2
Ленинград,1926,orosz,2
Мiнск,1957,fehérorosz,19
Минск,1970,fehérorosz,69
Мінск,1957,fehérorosz,16
Мінск,1962,fehérorosz,30
Мовква,1927,orosz,3
Мовква,1952,orosz,2
Москва,1895,orosz,2
Москва,1906,orosz,5
Москва,1908,orosz,3
Москва,1910,orosz,5
Москва,1911,orosz,2
Москва,1925,orosz,74
Москва,1927,orosz,48
Москва,1928,orosz,9
Москва,1929,orosz,5
Москва,1930,orosz,15
Москва,1931,orosz,44
Москва,1932,orosz,103
Москва,1933,orosz,22
Москва,1934,orosz,29
Москва,1935,orosz,42
Москва,1936,orosz,52
Москва,1937,orosz,13
Москва,1938,orosz,11
Москва,1939,orosz,15
Москва,1940,orosz,12
Москва,1941,orosz,19
Москва,1942,orosz,20
Москва,1943,orosz,3
Москва,1944,orosz,2
Москва,1945,orosz,4
Москва,1946,orosz,27
Москва,1947,orosz,18
Москва,1948,orosz,239
Москва,1949,orosz,90
Москва,1950,orosz,16
Москва,1951,orosz,37
Москва,1952,orosz,1147
Москва,1953,orosz,127
Москва,1954,orosz,44
Москва,1955,orosz,327
Москва,1956,orosz,70
Москва,1957,orosz,54
Москва,1958,orosz,596
Москва,1959,orosz,154
Москва,1960,orosz,527
Москва,1961,orosz,152
Москва,1962,orosz,361
Москва,1963,orosz,228
Москва,1964,orosz,30
Москва,1965,orosz,174
Москва,1966,orosz,62
Москва,1967,orosz,33
Москва,1968,orosz,176
Москва,1969,orosz,217
Москва,1970,orosz,104
Москва,1971,orosz,603
Москва,1972,orosz,227
Москва,1973,orosz,278
Москва,1974,orosz,53
Москва,1975,orosz,184
Москва,1976,orosz,121
Москва,1977,orosz,43
Москва-Ленинград,1988,orosz,2
Москва−Ленинград,1925,orosz,37
Москва−Ленинград,1928,orosz,6
Москва−Ленинград,1930,orosz,2
Москва−Ленинград,1931,orosz,4
Москва−Ленинград,1932,orosz,6
Москва−Ленинград,1940,orosz,3
Москва−Ленинград,1949,orosz,65
Москва−Ленинград,1951,orosz,2
Москва−Ленинград,1952,orosz,9
Нови Сад−Београд,1973,szerb,42
Ростов,1910,orosz,2
С. Петербург,1875,orosz,4
Санкт Петербург,1897,orosz,4
Санкт-Петербург,1873,orosz,32
Санкт-Петербург,1875,orosz,37
Санкт-Петербург,1881,orosz,2
Санкт-Петербург,1882,orosz,7
Санкт-Петербург,1883,orosz,2
Санкт-Петербург,1895,orosz,2
Санкт-Петербург,1897,orosz,48
Санкт-Петербург,1903,orosz,2
Санкт-Петербург,1910,orosz,4
Санкт-Петербург,1911,orosz,2
Свердловск,1930,orosz,2
Скопjе,1965,macedon,31
Скопjе,1972,makedón,104
Скопjе,1977,makedón,94
Софиа,1959,bolgár,42
София,1919,bolgár,3
София,1923,bolgár,38
София,1933,bolgár,3
София,1934,bolgár,2
София,1935,bolgár,3
София,1936,bolgár,3
София,1940,bolgár,51
София,1941,bolgár,2
София,1942,bolgár,21
София,1943,bolgár,2
София,1944,bolgár,2
София,1945,bolgár,3
София,1946,bolgár,5
София,1947,bolgár,9
София,1948,bolgár,4
София,1949,bolgár,30
София,1950,bolgár,2
София,1952,bolgár,126
София,1953,bolgár,70
София,1954,bolgár,69
София,1955,bolgár,18
София,1956,bolgár,6
София,1957,bolgár,25
София,1958,bolgár,9
София,1959,bolgár,52
София,1960,bolgár,7
София,1961,bolgár,2
София,1962,bolgár,3
София,1964,bolgár,43
София,1965,bolgár,3
София,1966,bolgár,87
София,1967,bolgár,3
София,1968,bolgár,12
София,1970,bolgár,309
София,1971,bolgár,2
София,1972,bolgár,70
София,1973,bolgár,2
София,1977,bolgár,49
Сталинобод,1956,tadzsik,2
Сыктывкар,1958,komi,10
Сынтывкар,1958,komi,26
Ташкент,1942,orosz,2
Ташкент,1958,üzbég,39
У Н.-Саду,1882,szerb,10
Ужгород,1949,ukrán,78
Ужгород,1950,ukrán,2
Ужгород,1954,ukrán,14
Ужгород,1958,ukrán,2
Ужгород,1968,ukrán,4
Ужгород,1970,ukrán,177
Улаанбаатар,1950,mongol,2
Улаанбаатар,1953,mongol,22
Улаанбаатар,1961,mongol,30
Унгваръ,1942,ukrán,4
Фрунзе,1957,kirgiz,151
Фрунѕе,1957,kirgiz,12
Харкiв,1930,ukrán,2
Харкiв,1960,ukrán,2
Харків,1930,ukrán,2
Цетине,1955,szerb,2
Цетиңе,1955,szerb,28
Шупашкар,1970,csuvas,14
NA,NA,arab,54
NA,NA,bengáli,8
NA,NA,grúz,5
NA,NA,héber,46
NA,NA,kínai,11
NA,NA,német,13
NA,NA,örmény,27
NA,NA,pandzsábi,17
NA,NA,türk,2
NA,NA,újgörög,26
